# TLS secrets log file, generated by OpenSSL / Python
SERVER_HANDSHAKE_TRAFFIC_SECRET 0a6a5ba4093a473c83827b9de0af4cf38dc33ad326dd8032345308fb13e80613 bd807fab4a54fec0e3ecb6dad1b013231c1143059bc370165ecaaaee5666bb66f24a40c30d7e44552e0a713f8dbcbed8
EXPORTER_SECRET 0a6a5ba4093a473c83827b9de0af4cf38dc33ad326dd8032345308fb13e80613 e46f9868c5dff6efe74d5ff392dc9c6b4eed15901cd81708b0001a4bef48db70588214405463b33fa85ec129e51f8682
SERVER_TRAFFIC_SECRET_0 0a6a5ba4093a473c83827b9de0af4cf38dc33ad326dd8032345308fb13e80613 3ea900463909c33f16279343775978668237141f85e8115ba7709db9b159aa09829268f71c98c21b8278009064855a2d
CLIENT_HANDSHAKE_TRAFFIC_SECRET 0a6a5ba4093a473c83827b9de0af4cf38dc33ad326dd8032345308fb13e80613 e50af4c7761c683df2c5a4e66cb2b2afeebb34a08066be9d3fbd04719bf1684f14eec2e2de05489c7d19bdbff794a01e
CLIENT_TRAFFIC_SECRET_0 0a6a5ba4093a473c83827b9de0af4cf38dc33ad326dd8032345308fb13e80613 f1fbded28d659a8ff6da644003315885e1d91c1e0272d682c9eb5ca6779359be356032c4206a23952e7486b23a94334c
SERVER_HANDSHAKE_TRAFFIC_SECRET 4ac2e265abb0e1df5e640cc557c3158eabd3d962cfe509cdbef10b347f26710b b2b6a3f7679155afb44df2f74d9ccf9c12931705a34168c823736374f19df2c1c8702d941ce85a78128ddfbdc9728805
EXPORTER_SECRET 4ac2e265abb0e1df5e640cc557c3158eabd3d962cfe509cdbef10b347f26710b b201b9009fe075b69818d3ddc29dac98a4f979adaf0056c712f70d1029fc713638527eb22b375f29a20b801396a75996
SERVER_TRAFFIC_SECRET_0 4ac2e265abb0e1df5e640cc557c3158eabd3d962cfe509cdbef10b347f26710b eeea64059b4d8ce221bda88112774fdf08857b9c66c8e793be490595e86a36ca89184c8f33278477522ca9e5a109759e
CLIENT_HANDSHAKE_TRAFFIC_SECRET 4ac2e265abb0e1df5e640cc557c3158eabd3d962cfe509cdbef10b347f26710b 40f88655f6c982b0c6f937267b691d1a62832772904653340d94b39e77ac355ad0cfed509d22c345b45e4ba90f605fab
CLIENT_TRAFFIC_SECRET_0 4ac2e265abb0e1df5e640cc557c3158eabd3d962cfe509cdbef10b347f26710b b1708428f7b6cc5b1b5f8e68e21655c616991f2938de6551c0d27e9569f5030363a88c594a6cb5d29c4d7ab87a3ae36b
SERVER_HANDSHAKE_TRAFFIC_SECRET 86363e0322180bc64ef643d8f2284609ef7e7777798c32e6749424f21e0e2b37 60c9d494e869daf575d356d2684c210c459b24a83c46bcc64d665bfe0a959f2d1c880938fe0c2a819fd3786a10669965
EXPORTER_SECRET 86363e0322180bc64ef643d8f2284609ef7e7777798c32e6749424f21e0e2b37 ec4dc0114d79d670e56a122846722956bfce150c8091249885e05fccb96d36013b80eb2af6b2d8f917f5fb921a4edfab
SERVER_TRAFFIC_SECRET_0 86363e0322180bc64ef643d8f2284609ef7e7777798c32e6749424f21e0e2b37 3b28f0bd6e7b69b3c5d21ce4f821c312dae6beba793b586924c5f0d5e79e7e4fda32334f51c829d593f644ffbbf64ff0
CLIENT_HANDSHAKE_TRAFFIC_SECRET 86363e0322180bc64ef643d8f2284609ef7e7777798c32e6749424f21e0e2b37 683c49ee85e97a2fd7b61d63a22d714236945ece8701e35c7b34199a0caa8a49cb69e510755f36486fa297c3529b8834
CLIENT_TRAFFIC_SECRET_0 86363e0322180bc64ef643d8f2284609ef7e7777798c32e6749424f21e0e2b37 fd117ede650ed061db0272c41a277e916e526a05e743f0b7ff4f76b14ed31cf2e85dbb8cb995e4f3b42fd2785f5cb7d1
SERVER_HANDSHAKE_TRAFFIC_SECRET 219f99b2e5998b4f871d1579e5c5d50d98a302498cfd6442bad2839399e324f7 6a37d669bd1787a7098a212cd48a816080bf88b0afed65f7eca67b54d10a1e721404371343f2a8ce8850c205b32e0be7
EXPORTER_SECRET 219f99b2e5998b4f871d1579e5c5d50d98a302498cfd6442bad2839399e324f7 cc320f18b926e2343b5bd021eeec076d9b74edb82b827878bb43c46baa6b566830206f30872da449c518958db75e8bc3
SERVER_TRAFFIC_SECRET_0 219f99b2e5998b4f871d1579e5c5d50d98a302498cfd6442bad2839399e324f7 4f64409a27d6c2f690cd743109cfb389a87464dd86a56f812d361c7a851085dbf116c87124dca4959d2b50340e59c3ff
CLIENT_HANDSHAKE_TRAFFIC_SECRET 219f99b2e5998b4f871d1579e5c5d50d98a302498cfd6442bad2839399e324f7 8bbe2aea5a8196567bbdc91c352231d86100e27c0f939367ba4cafea6b8a476cf7630123998e262524b86d228af600dc
CLIENT_TRAFFIC_SECRET_0 219f99b2e5998b4f871d1579e5c5d50d98a302498cfd6442bad2839399e324f7 d3a81af02abe2d96c0aebbb39e34c577994c449de71d4c9046f79c8b9c8c28f24adead91fa41ee7500cd094db52c83ac
SERVER_HANDSHAKE_TRAFFIC_SECRET bf2141427ae23479e7dbb6349c86b51749d263f7ea832b31205a6304eb0b1b74 d4cc08777af5f70c5418d01af484d5502781c636926e7b197b56824cb4e25e6a6865f71f083f582d409f68a47a41512e
EXPORTER_SECRET bf2141427ae23479e7dbb6349c86b51749d263f7ea832b31205a6304eb0b1b74 5b80767631622d662383b1e3a0bab8998434eac68ba9e634a3e300fadcd9bbf4d4cde8bc387846cde8c256119b77832a
SERVER_TRAFFIC_SECRET_0 bf2141427ae23479e7dbb6349c86b51749d263f7ea832b31205a6304eb0b1b74 5d9a254b02f04f971f48b4b709fa16178aeb111ee33f84dc8d400bb16e5d4bde6e56ca633112c44851c621cb212c855b
CLIENT_HANDSHAKE_TRAFFIC_SECRET bf2141427ae23479e7dbb6349c86b51749d263f7ea832b31205a6304eb0b1b74 baf3984ca5c4e7a72f0fe4c20eaafd25517302e5a43bf61380cba7f9033d118a0a5bf271764e11ae0284d0cd12eac987
CLIENT_TRAFFIC_SECRET_0 bf2141427ae23479e7dbb6349c86b51749d263f7ea832b31205a6304eb0b1b74 a1d6f85463efdc18c9e893505ec06dfa733d2143a3fc0bcb45c3b4d1f5cbea4c0e128fb0999b6818337a8dc2be608284
SERVER_HANDSHAKE_TRAFFIC_SECRET ecdedceefea4c8e5e41791a854c5dae1b1495411fa4eebd77dc6fda4586051e9 007acee8ae104735e0bfb1e204d21642d4b6af6a9ae62b29bcb437da55453e43e4f29524b207ea68cd638c3c08cfe766
EXPORTER_SECRET ecdedceefea4c8e5e41791a854c5dae1b1495411fa4eebd77dc6fda4586051e9 86e94a3277a89b06c3b9b69c6b418827c6c5b6acbbc09e82de55f0213a465e61336527c575662a5a9d4f3a38b390e565
SERVER_TRAFFIC_SECRET_0 ecdedceefea4c8e5e41791a854c5dae1b1495411fa4eebd77dc6fda4586051e9 977937c930441004b50e8863cba4ca23d343a06ad463b274677655d2e7bb85de9d6a8d3d5099fdd78621bb1ae6d61d00
CLIENT_HANDSHAKE_TRAFFIC_SECRET ecdedceefea4c8e5e41791a854c5dae1b1495411fa4eebd77dc6fda4586051e9 e63cc0841e8078040d620816c596e33230d25696ebfc75f5bebd7158acdb2e4af5d85536b18706ebc1e774c039396990
CLIENT_TRAFFIC_SECRET_0 ecdedceefea4c8e5e41791a854c5dae1b1495411fa4eebd77dc6fda4586051e9 6124c0ffd55165616917a840a66d5fbe104da21757e112d79b379b3550ca16a0edb2969338686635a621541bfae413a6
SERVER_HANDSHAKE_TRAFFIC_SECRET b8b4766eda855f754c5f53456a8de4177d50f0bb54280a029f85f30b625c34ff f3969f7bb04a8830b2cd1a6d478bcb524514b487598b6955da42a8b9426cbd756c91c35eb5ba1ef717c9ae1c48eea987
EXPORTER_SECRET b8b4766eda855f754c5f53456a8de4177d50f0bb54280a029f85f30b625c34ff 92b21f3c752427d176a8bbfae88ad3f6731620d2ddc2f8bb0a5ec633a3839d4487641709b95c9a171ed918b66604c8fa
SERVER_TRAFFIC_SECRET_0 b8b4766eda855f754c5f53456a8de4177d50f0bb54280a029f85f30b625c34ff 97e274ec0e94952d6420dc76ac35111866fd7ad1b3a40baf2a46e055bc1fc1ef7832b0ba5eeb05b44767119fe0fa89c4
CLIENT_HANDSHAKE_TRAFFIC_SECRET b8b4766eda855f754c5f53456a8de4177d50f0bb54280a029f85f30b625c34ff 8242f3620bec9fe5460a7c6ed2f5f143db4066c2e1a8cc94fd98e6715bcfb08dd81a6bd485f0730c9e574fdeafdf9d5d
CLIENT_TRAFFIC_SECRET_0 b8b4766eda855f754c5f53456a8de4177d50f0bb54280a029f85f30b625c34ff 225c9c3b1f60c6e8c533fb4c604d0534de7354645b1c0aa8c6b092ed370213b40a1b301267416568c0ee2d923763227d
SERVER_HANDSHAKE_TRAFFIC_SECRET 8c5506aa9aefd146571fdfa794431abe4494443e4f3a5f04d1e0fd1eb4168d7a 98235199030d19847612b113366e8bde282e2efde5fbf0531a33cce3144f48d681aa47d5d052e1a928eb14fa852ed296
EXPORTER_SECRET 8c5506aa9aefd146571fdfa794431abe4494443e4f3a5f04d1e0fd1eb4168d7a d2735bd633b40341377d44e92cfc6d6c974987fe4e6e0bf27dcdf803e6a2785bed1613a8af8664973c89076820b293ef
SERVER_TRAFFIC_SECRET_0 8c5506aa9aefd146571fdfa794431abe4494443e4f3a5f04d1e0fd1eb4168d7a 28c1072b96efe1593eee4f7ee38fddbcaa6b1a7d76a7377bdd4f4da55873f0502ce59ea1eaca922feabcdabe8ddcd651
CLIENT_HANDSHAKE_TRAFFIC_SECRET 8c5506aa9aefd146571fdfa794431abe4494443e4f3a5f04d1e0fd1eb4168d7a b6c92d7c1f4d7ad2b80ecb242c90ac792bce75722cd751f15bf3a091a7659b2f1c8d31547d0879d6d12bcef2f1c73638
CLIENT_TRAFFIC_SECRET_0 8c5506aa9aefd146571fdfa794431abe4494443e4f3a5f04d1e0fd1eb4168d7a 2c611fe611144b6b2c83172fed045288817ac8b27c56778b32db58fc83d52196d242e912bc11fd34f00115779a397579
SERVER_HANDSHAKE_TRAFFIC_SECRET e4a737a1ab9b46a7e1fb7275edafbc658432427c6a0bf28096357d62608de405 01b921805a642f618d396f87cfdf927b2846f4a8f82af69f24ecdbf4d7bab960a94b92cd70a7893c90fb7333c18e41af
EXPORTER_SECRET e4a737a1ab9b46a7e1fb7275edafbc658432427c6a0bf28096357d62608de405 f2b6255946b12fda4c12be950e83a8bda7dbab8ba19088edcd7694ce414cee6f24c1b29174e54d1b55f4b223c2a15dd7
SERVER_TRAFFIC_SECRET_0 e4a737a1ab9b46a7e1fb7275edafbc658432427c6a0bf28096357d62608de405 33605142af9881851780ba4c0a84cb03962adc4e17d46aafea2700e882647e574da8f1e5bb29d1d09b0bb80e8d28d805
CLIENT_HANDSHAKE_TRAFFIC_SECRET e4a737a1ab9b46a7e1fb7275edafbc658432427c6a0bf28096357d62608de405 bd1783cd5bedd56ec3643a7c608b5c60ed4a70b0ef7b3f1490d7d50ef67a8899f878bca827753128275af981d19b67b3
CLIENT_TRAFFIC_SECRET_0 e4a737a1ab9b46a7e1fb7275edafbc658432427c6a0bf28096357d62608de405 8ba505a4fa5fec1f12fd0f6d79cb89cb360147fa8efbfa4c535e9cfbaf50cbb8c678e887bfcdacf37a0c399d296de765
SERVER_HANDSHAKE_TRAFFIC_SECRET bae8854cd9c56c2b380bcc3e50060e562f04b48ee3a57389b34b7a7bca16fa79 73cc03a70546b7ba260b9a57a541f0fbf98cf28833ef3f0f8831ae39a5b772af3a31dd894753ed050855308936ee1bd4
EXPORTER_SECRET bae8854cd9c56c2b380bcc3e50060e562f04b48ee3a57389b34b7a7bca16fa79 3c1fda705a3566ca0edc30775d2fee0d8ccb23d732def2871310d4822f5e37f2077f8009485135626e57b18e677569bd
SERVER_TRAFFIC_SECRET_0 bae8854cd9c56c2b380bcc3e50060e562f04b48ee3a57389b34b7a7bca16fa79 9d80091f8eb10ae9fc1de45317686d3e462b4fb576a5ce6052436d6f58aec6085654546e6e21c8f26b679a9ede92a53d
CLIENT_HANDSHAKE_TRAFFIC_SECRET bae8854cd9c56c2b380bcc3e50060e562f04b48ee3a57389b34b7a7bca16fa79 ff74bb854a18b45e14af73741dd859ba8e18fcea48a19ac31dc394a4d3e11148e474f732bb224e02dd6b4898e44a626b
CLIENT_TRAFFIC_SECRET_0 bae8854cd9c56c2b380bcc3e50060e562f04b48ee3a57389b34b7a7bca16fa79 fdba0c83d0a199ebfe6a91f73e6a5f07e5d8a41b966f04fcb4079b564ccb82bf3cc4ac0052bf95c620c157440e348a65
SERVER_HANDSHAKE_TRAFFIC_SECRET 011bb0a85c11371a2e07412c39864a52d9db5ba09db7a6975760181cc6669ae1 48a5497c4a6ca33c3e13ea9610f437ff25fff7101ea5a1c1883b59b2f31f7284caeef4eef561a783d39da66fe360348b
EXPORTER_SECRET 011bb0a85c11371a2e07412c39864a52d9db5ba09db7a6975760181cc6669ae1 01d7fcdc0053f5aa1afe574c1f87e5f52e2aac3212ef9c9ab9425aad4aa289027e6f1240dd960c2bb295fb575bb06d88
SERVER_TRAFFIC_SECRET_0 011bb0a85c11371a2e07412c39864a52d9db5ba09db7a6975760181cc6669ae1 16af773928b95fdcacc5c4e764d497a4c3be7e663b85aecf77bde74cbd1e60a8a9053a19cdc527069fa69d102d8eaca9
CLIENT_HANDSHAKE_TRAFFIC_SECRET 011bb0a85c11371a2e07412c39864a52d9db5ba09db7a6975760181cc6669ae1 d54b99e85b58a1e5d8198aab7301493810a3a63a2a19ff6256a73b4abfd06c337e57ce194d7083f2829050de7befd1d4
CLIENT_TRAFFIC_SECRET_0 011bb0a85c11371a2e07412c39864a52d9db5ba09db7a6975760181cc6669ae1 e0524e8bb418b7f01c1f0ca9b66562044f85bf1c2460899b70a3aa91be36f2dce301fce2e48a3314a15cd3f7a4f442f6
SERVER_HANDSHAKE_TRAFFIC_SECRET e63b490cd9b0a052fe1d50d9e27c905176e7b3d16ea483bad19c9a149b51ef79 0e84ab64c61d8ff6182aa30bdfa9ac236e5fa7064827bc414d7e1de812edf14ba82d98e2365f59cf57485eb1c4e6bca3
EXPORTER_SECRET e63b490cd9b0a052fe1d50d9e27c905176e7b3d16ea483bad19c9a149b51ef79 c7c6406e56cd716f94922b40f817dd646798d6238eb125ef0d64593ca0f081a7e123105b932ef3f7a7dc9035b5a5e983
SERVER_TRAFFIC_SECRET_0 e63b490cd9b0a052fe1d50d9e27c905176e7b3d16ea483bad19c9a149b51ef79 258ef3c7c00afb715e6fde3b41cecfd41460676419dc111968ddc11883d230d34fc584626c10ca2ed9e110e924041c79
CLIENT_HANDSHAKE_TRAFFIC_SECRET e63b490cd9b0a052fe1d50d9e27c905176e7b3d16ea483bad19c9a149b51ef79 7dcdafbe1bb16a1b683a4ba88fc389962644c68b96d6aec44fcfb8ae78d2fffc6527289b12f6cb459db1caa50ab104e3
CLIENT_TRAFFIC_SECRET_0 e63b490cd9b0a052fe1d50d9e27c905176e7b3d16ea483bad19c9a149b51ef79 f1e1e0cb4862ca046c65b40f0755598fbbcba0a2680480b4c1b4ac8d67af43c14f5aa11b352d319f92f2fd6741964f5e
SERVER_HANDSHAKE_TRAFFIC_SECRET 887c56083192a0ed368c4b23956956471aa911272f5ae24a37a59cbcfad37eeb 8642aa6cc876ce060f7df00292d6ae39f4e8d8aca792df6da3a6f767a48815c19e1001ae8ebfb5ef19f65df72075aff6
EXPORTER_SECRET 887c56083192a0ed368c4b23956956471aa911272f5ae24a37a59cbcfad37eeb 18a8cce6ce2449e1d6bd98aa88557797b9ccfc916364b235bd5c6241e2b994426c44fb15d6c1f9a28171369822b168a4
SERVER_TRAFFIC_SECRET_0 887c56083192a0ed368c4b23956956471aa911272f5ae24a37a59cbcfad37eeb d06a64a96dda6334c5c4d6868636b67c674c893e0964cbe34e777b39e1735739c3471f349a53d9b168bb9f34197b9262
CLIENT_HANDSHAKE_TRAFFIC_SECRET 887c56083192a0ed368c4b23956956471aa911272f5ae24a37a59cbcfad37eeb aea5dea18fcecc253dbf40a9bd3b93fdf4be73344791e129ac0c73930bedeaf7905b90a7ec6ba464aaf4b7693a901eea
CLIENT_TRAFFIC_SECRET_0 887c56083192a0ed368c4b23956956471aa911272f5ae24a37a59cbcfad37eeb 73860d4c1586ccbcd1d35b824457764f0b943e2d78c376507f2c75e01c86d41f4d4c7c4b0f3740dafdad4c468d8079fe
SERVER_HANDSHAKE_TRAFFIC_SECRET 572cf37b2e8c0bf9f2dc775b0b52b183fb8f0e106d93a0829a28d16077a3afe3 dc62a712eb24aa202277165da08a695fd6a028d7fb8f9b2d4df99c1a539c5afae5f4afeb25b6f54e8c1ecd4e9f2ec25f
EXPORTER_SECRET 572cf37b2e8c0bf9f2dc775b0b52b183fb8f0e106d93a0829a28d16077a3afe3 0d446fd3323bca4f9e3854d30f8b5e032d0f04bc2ed430881c0c82f79064d26d178884d99312d5297fcbebeef9eae5e2
SERVER_TRAFFIC_SECRET_0 572cf37b2e8c0bf9f2dc775b0b52b183fb8f0e106d93a0829a28d16077a3afe3 b8ae77cb00727ec3c924f0b6818aad97617e313037e4019a4cf1cdc951d80773a1befb210c35993d79b769a64622cd0c
CLIENT_HANDSHAKE_TRAFFIC_SECRET 572cf37b2e8c0bf9f2dc775b0b52b183fb8f0e106d93a0829a28d16077a3afe3 ef174e990d3c4094da564d06269fe518c83a593a3ef6288c4c268e7da7bce1abdc76e1c4a94ca8ea185e9c9824e399ff
CLIENT_TRAFFIC_SECRET_0 572cf37b2e8c0bf9f2dc775b0b52b183fb8f0e106d93a0829a28d16077a3afe3 e20c69d197e4180aec596e355152077faee72f4a03faacd2c0a2955985af74cf12f025766e0f834ed7fd2509cae9b83f
SERVER_HANDSHAKE_TRAFFIC_SECRET f46d6671d2e812969bdea5fdd8afd873bd75c1d54bbdcc1b6b228ec982e45644 6abfb83d6475d35ff7d6f0a1459992777722f2b1665ad0bdf3606d34d13637716b9ba823e9bd5cbcb0997673763ca27b
EXPORTER_SECRET f46d6671d2e812969bdea5fdd8afd873bd75c1d54bbdcc1b6b228ec982e45644 19fd21d3287ff8905cadc98dd687a881aa3dd9cd9a11ad1d549e2d14ffded0d2319f44221ed105414ae4fd91bd5d0e78
SERVER_TRAFFIC_SECRET_0 f46d6671d2e812969bdea5fdd8afd873bd75c1d54bbdcc1b6b228ec982e45644 20238325027e7f43078a391c25750d9a69c81d53002a5b94542475d23fff831e21a02454f1f75566da14b876a981f030
CLIENT_HANDSHAKE_TRAFFIC_SECRET f46d6671d2e812969bdea5fdd8afd873bd75c1d54bbdcc1b6b228ec982e45644 308666e4cc5875bfc2b1c32fe9ccf193972f6240916fddceff07e6d0420e0a3e0e6d48d4f437caa6770bc4daf72173fc
CLIENT_TRAFFIC_SECRET_0 f46d6671d2e812969bdea5fdd8afd873bd75c1d54bbdcc1b6b228ec982e45644 8e6e0e124c62fa2b17af8c6aa763cc689cf254d4c0ce8056565de9ad9d1bb4ca445168a51b0da1f0723ca06b4505120e
SERVER_HANDSHAKE_TRAFFIC_SECRET 6b1bef80e7ee13f779e68733474c1397721bb70c20f24ce6b81ae0e0b54a8bdc cc7127fc873ca088a13557df03a8c84c4be2692ee0df2c52dc04c7a9aad6ea6684c43c75c6e0a64817cc7ece5a1bb5d4
EXPORTER_SECRET 6b1bef80e7ee13f779e68733474c1397721bb70c20f24ce6b81ae0e0b54a8bdc 462a1c23419541d48df6d57d313a09b9b09d370510bd678c5fc25c460b68912584900d0f1e8c5b91319bcdf482300ab5
SERVER_TRAFFIC_SECRET_0 6b1bef80e7ee13f779e68733474c1397721bb70c20f24ce6b81ae0e0b54a8bdc 1aba9466e0216e10b36f4a29172c957460c711705d0d50092f360c7059cc0fea1f9fad334b36299a872c02a4cf6a59a0
CLIENT_HANDSHAKE_TRAFFIC_SECRET 6b1bef80e7ee13f779e68733474c1397721bb70c20f24ce6b81ae0e0b54a8bdc 38bbcfd4888e62233d12167319b21969d254edd23792d513a5e0149ea135fa026e35beda69a2956407cf05d936d37f83
CLIENT_TRAFFIC_SECRET_0 6b1bef80e7ee13f779e68733474c1397721bb70c20f24ce6b81ae0e0b54a8bdc b07cbbc5c84a38b2a7937b3fe2fa735956ace10fdcf532a0e0f6a6e2dc3d624452ae9ecf28719d26135b3ad800aeb1e2
SERVER_HANDSHAKE_TRAFFIC_SECRET 8d5f03c8ab360ba4a804bdc7663ba6164c7264d7b401051789d5f684fccc57a2 90a15bed1b89183f4c1da537d5f4c86a49e8146ec4bfb01929d0229741ff1d4e85df7cf52fb34b346977176e90611ab9
EXPORTER_SECRET 8d5f03c8ab360ba4a804bdc7663ba6164c7264d7b401051789d5f684fccc57a2 aa66eb424492599b0ae1a1d383d56612b657e1dab0fe638aa0ae4791dde32b22cdbca9c2faca0ab4b2d396ef04b7e14e
SERVER_TRAFFIC_SECRET_0 8d5f03c8ab360ba4a804bdc7663ba6164c7264d7b401051789d5f684fccc57a2 22584a28c2281ce94c4e4db7634266f3922842249bdfc4212b62022d13494f0c47cea448f12551b83bac324eec385264
CLIENT_HANDSHAKE_TRAFFIC_SECRET 8d5f03c8ab360ba4a804bdc7663ba6164c7264d7b401051789d5f684fccc57a2 3a0579c3a6a227df822087974c93fb3a34f3dc551ccf2e082ee9aba9afdbd4af2ccc02acffd98c10362b8b4918a74662
CLIENT_TRAFFIC_SECRET_0 8d5f03c8ab360ba4a804bdc7663ba6164c7264d7b401051789d5f684fccc57a2 8bdc9fe4801edad9506222f0e37acc0979b53f0081af8f19e33ab9ce10b2f0d6e23fcedd4688485e65a60ae8a69b5c4e
SERVER_HANDSHAKE_TRAFFIC_SECRET a6165312616d534d1f6560833298bae84232cc2e72174add4ce63277005c5bed c1429fe60bebfb9b36485052d0350b1bfc0871c11f26c71589a23fbcda6ab43412b8fc31a6a670d43a1cf9f7bec35ce4
EXPORTER_SECRET a6165312616d534d1f6560833298bae84232cc2e72174add4ce63277005c5bed b95ca4faeff1af8fe1b4b9fc3b0c0cb4bb43d7b03cb282295ac9996aca23fc0e201026b4f66e5bb0582ad3b84cfd6314
SERVER_TRAFFIC_SECRET_0 a6165312616d534d1f6560833298bae84232cc2e72174add4ce63277005c5bed 2c92ef21d718edaa22ed4defbd782cd34224229987e996a1751b85257d0f8f906d67b1f8400d0e52e0a1a51360523f0b
CLIENT_HANDSHAKE_TRAFFIC_SECRET a6165312616d534d1f6560833298bae84232cc2e72174add4ce63277005c5bed 002be148a2ef10163ff23f198de59c96ff4fa1a671f8d53f0a9f32fadfe9791e6024d5cd48591d7899b8a99302053f1c
CLIENT_TRAFFIC_SECRET_0 a6165312616d534d1f6560833298bae84232cc2e72174add4ce63277005c5bed 3a330a16884bd5777eea22feb11666daf36195093004b5873dfff5a8e4d775be8b4d41fc014543bb5b7c4ad47ff7140e
SERVER_HANDSHAKE_TRAFFIC_SECRET c41fcc13d0679d45afc5716c658603a02dc680f61b21f242bdaf8e70262703f5 d4b3317175afde5557db0a0621d937432d1dd3ba73e4beb982b34a2131e942f41ad1967f0caa414bce303b115bed63c5
EXPORTER_SECRET c41fcc13d0679d45afc5716c658603a02dc680f61b21f242bdaf8e70262703f5 510827ad1cb735cd2f1cd800e19501d8eef5abee2dac25be369e05dc92f48247f455145f7e64071d1f74f972e044c966
SERVER_TRAFFIC_SECRET_0 c41fcc13d0679d45afc5716c658603a02dc680f61b21f242bdaf8e70262703f5 2129358eafdc509dcb5a7495719a4bd1c91dbc101b31afcab3d7b4c1e1454e9b9ea5974b205b564194a82c35e8b75e56
CLIENT_HANDSHAKE_TRAFFIC_SECRET c41fcc13d0679d45afc5716c658603a02dc680f61b21f242bdaf8e70262703f5 c7fcf00e79a6ab220e3e5b0410d8e8e2dbb4fec0cbbbc01c8ad6e9ffcfcc66b9f06e173e6c5b18d9d6af985811d103d0
CLIENT_TRAFFIC_SECRET_0 c41fcc13d0679d45afc5716c658603a02dc680f61b21f242bdaf8e70262703f5 d9659d07bd6a043533b683793e5d1fccd7b81dc0028e1c7656f57b0f539c5fea962431dcae236b59e76325abcc2ba038
SERVER_HANDSHAKE_TRAFFIC_SECRET 70f1a4a654da185874d7175e533091515f7f338e1b4fa3b52f8c78861b8469b5 fb506ebe0716ee3bb5b8323c8f102a965d6dd9d8416779635ac184636074d0de35e91f69ed40dfae597e17999fb37476
EXPORTER_SECRET 70f1a4a654da185874d7175e533091515f7f338e1b4fa3b52f8c78861b8469b5 cf5373aa805ceb40a11e94dff25997dbe72e03e23d80c4070b3c9df9c3df43f6249564bd2c65c246361beeff0bb2728b
SERVER_TRAFFIC_SECRET_0 70f1a4a654da185874d7175e533091515f7f338e1b4fa3b52f8c78861b8469b5 efcd41e78db8f2c18c755b1618c0b27794c23259d19a99f100ad59d17ff72ef52357cf3cbdec7912535df2b2154f418c
CLIENT_HANDSHAKE_TRAFFIC_SECRET 70f1a4a654da185874d7175e533091515f7f338e1b4fa3b52f8c78861b8469b5 021c6c42227e05d41ac95c1ad950c0fa4bf48abe6663b7ad447ee9b71d025645aedcc1f745e0888209ff23cfe0bdcd12
CLIENT_TRAFFIC_SECRET_0 70f1a4a654da185874d7175e533091515f7f338e1b4fa3b52f8c78861b8469b5 b27f891a85c20971fb22d62b0e30e4eb799633d134e66926fc6b39ca49900579fe501e3767814e3eea27a87bb74d1ec3
SERVER_HANDSHAKE_TRAFFIC_SECRET 792e0ef3428c3fe1d1450301342e5486b62d919decc8e9c410d6603ae59df266 0c2995c519713b4d81a4a47ad312078cef983e53dcbcf305d3d8b4f3658d23cd138f12bbe6d8da6b81c0ebf156e05bcb
EXPORTER_SECRET 792e0ef3428c3fe1d1450301342e5486b62d919decc8e9c410d6603ae59df266 8dae423b8b57742ef42f6ab27e346478d28abcdee76974639991824ded62495cf9f74c06ab04c9ce9328577938b49bee
SERVER_TRAFFIC_SECRET_0 792e0ef3428c3fe1d1450301342e5486b62d919decc8e9c410d6603ae59df266 022fe9a637a02b6c2e0cf7b1061fde49405c61bba517fa71a126c79d6ce8622f4643b70686181b09fb264e71afc98158
CLIENT_HANDSHAKE_TRAFFIC_SECRET 792e0ef3428c3fe1d1450301342e5486b62d919decc8e9c410d6603ae59df266 4373385c04cd36fe9194c3fa6080f30c765e5a7a65118a6b66f08527f09d80d87359d74fb42e2f0340ad11457bbf0a26
CLIENT_TRAFFIC_SECRET_0 792e0ef3428c3fe1d1450301342e5486b62d919decc8e9c410d6603ae59df266 74450f0d48262b6d8e4cdfd127dd0d52e2e2a8ae7bed4d33e35fd30025eea11b28146097ebf4c801309aa6f6e2180f25
SERVER_HANDSHAKE_TRAFFIC_SECRET e06918d6554fb7a6333b19fe511601cf0e4df24eda58c2840b9f5fbf3acc4ac0 12b67237fc493da58e76d4fa5ab00a712ed7bdfb73cbda94c306db616667cb6301474106188035fdcc2dfd7c0a7cdec4
EXPORTER_SECRET e06918d6554fb7a6333b19fe511601cf0e4df24eda58c2840b9f5fbf3acc4ac0 6fa180a89b6e8fd21bb940bf65d1cb94aa87d518bb2f5047e9f1e5edfb3a32fb18fef13d66a4999ef3d747076b3248fd
SERVER_TRAFFIC_SECRET_0 e06918d6554fb7a6333b19fe511601cf0e4df24eda58c2840b9f5fbf3acc4ac0 ca9e318ed5789322ddfee0379f15224943f79a33953072f58881ed70d335a33e3f435b80cd57c5eb43efbb462ff9772c
CLIENT_HANDSHAKE_TRAFFIC_SECRET e06918d6554fb7a6333b19fe511601cf0e4df24eda58c2840b9f5fbf3acc4ac0 29abb9801200a4e27ced14b9272c81e562ed44a4a5424cd06d349dbd957d91499490cfabda8c11ad35767d0a459ac8b7
CLIENT_TRAFFIC_SECRET_0 e06918d6554fb7a6333b19fe511601cf0e4df24eda58c2840b9f5fbf3acc4ac0 0681cf9080647acbaa733c5433b82f4e0db7963c781869bdd7be0381d326945e39ffa11015efc6f300aba39c83a0d56a
SERVER_HANDSHAKE_TRAFFIC_SECRET e57fc17b0c114eb255f48885601bcf3d8d336d33d6fe134b0e308395908f05b7 afc86eb84a51b0f586ce62f43f3737d275c5569369c4c552cc1ddc90ff507ee9d02a75f80785136fd0421d29916cb24c
EXPORTER_SECRET e57fc17b0c114eb255f48885601bcf3d8d336d33d6fe134b0e308395908f05b7 cdd10997b0f6b7775d00732f33f0fb787f74ef6f5aa1a8a0f869c336268d583fda03b55c8d4922fd53960506ebbc0558
SERVER_TRAFFIC_SECRET_0 e57fc17b0c114eb255f48885601bcf3d8d336d33d6fe134b0e308395908f05b7 26ffaced368c7aa46733750dcef74be0fc3936b2510069fc6d4bbafa656887f8efd65c011903c98f4429dd8298087b92
CLIENT_HANDSHAKE_TRAFFIC_SECRET e57fc17b0c114eb255f48885601bcf3d8d336d33d6fe134b0e308395908f05b7 470f487a967e035695031f4edddb84bedb49d1fe0bf5597d2e790d48a10f02e1231817c35674f30fd5d5fb36bf802d26
CLIENT_TRAFFIC_SECRET_0 e57fc17b0c114eb255f48885601bcf3d8d336d33d6fe134b0e308395908f05b7 2d838c6f36ff89e18a3557691623c8cde756bb538bc1adee29afe9e589695a11469fc437d11d9b19c2caa21a5b52fd84
SERVER_HANDSHAKE_TRAFFIC_SECRET bf8f0d5485fee082a0e5277105928e17b1df2082939d27aabd4bd0ff814a8a88 c75da2c673981c33d0864e50385022843c9880ebafa512aeb9b526f3f1e7d9a67cfb314dbf56463fa963f68b1501716e
EXPORTER_SECRET bf8f0d5485fee082a0e5277105928e17b1df2082939d27aabd4bd0ff814a8a88 aa0c5ea501e5baa065d61bfde38a42ff1e0673d1c8fcc1bb8797cdbdf1cad4079d05a8919f3acf6d5815129693afd71c
SERVER_TRAFFIC_SECRET_0 bf8f0d5485fee082a0e5277105928e17b1df2082939d27aabd4bd0ff814a8a88 65bd6ae289f42841b74c7bb6d669c3355510d308afb61a81b281e90e7e76207c56b8dd8f20c59dedd2c098886911d252
CLIENT_HANDSHAKE_TRAFFIC_SECRET bf8f0d5485fee082a0e5277105928e17b1df2082939d27aabd4bd0ff814a8a88 e7c40986a844dd2461a813bc2b68971615cd4eeca25189ba9f1910c574713eb4444798106ab035a3c538789b1844dec2
CLIENT_TRAFFIC_SECRET_0 bf8f0d5485fee082a0e5277105928e17b1df2082939d27aabd4bd0ff814a8a88 c9f02c1f4b91c11bf2cc6caf0a778b23d5d467f2bdc998ecae04c8fe5c3f66b28d4d55b4396c31682cdc8f08c201b696
SERVER_HANDSHAKE_TRAFFIC_SECRET f89d2248ee08917784a97e43e4c21b793519e2c4ccd0305817bd71f21f02151e f6e12d966aa705c3c85ea636c3fa5067d99dc0669b0770055e831e58b9723fabf50223bd446ca5590ec7e4f6a737c659
EXPORTER_SECRET f89d2248ee08917784a97e43e4c21b793519e2c4ccd0305817bd71f21f02151e 5e88028cd685019128520043a7377e82db8182bb4aa8a7a7c4ce12cc8c8345fe592f7e261b2953f4e81affc5388efafb
SERVER_TRAFFIC_SECRET_0 f89d2248ee08917784a97e43e4c21b793519e2c4ccd0305817bd71f21f02151e e01f58f6a6d22bd58e45097a775143a1e7f3dc9da72e7ab74dc4734654ea2d7546f93d0f29cd4e011d38a7da46b24914
CLIENT_HANDSHAKE_TRAFFIC_SECRET f89d2248ee08917784a97e43e4c21b793519e2c4ccd0305817bd71f21f02151e 6e66b8425b40ff7f1cb6b8682e8ca3283ec3a1709c41999e92bc866feaaca62ed3eb1e1819ac4501dba2a5fdacc4c275
CLIENT_TRAFFIC_SECRET_0 f89d2248ee08917784a97e43e4c21b793519e2c4ccd0305817bd71f21f02151e 3d45a88a20f39e30eda51cd1cdac98df3a40e76bff78c38852f690f4169316d094d2ce7f87f2f0c34557272e7649ed59
SERVER_HANDSHAKE_TRAFFIC_SECRET 4f2ee369d094f9719d3af6ab09a262de6c004dcd860a2a333ead834311f09593 b340453866962a3d138eb12b7d2ca34917d55ed006ebe69edeb0a63d201d5123b05923dc48e26129043f93e955d6bb70
EXPORTER_SECRET 4f2ee369d094f9719d3af6ab09a262de6c004dcd860a2a333ead834311f09593 f9294ab4a6a405e78d9e0b2d7915d0beb5d67d1b6fde64258eef533b981da80c44e2686815fcd87577b01beca39795b3
SERVER_TRAFFIC_SECRET_0 4f2ee369d094f9719d3af6ab09a262de6c004dcd860a2a333ead834311f09593 62b510a90cd4fd0cacb055513c23e38465943cfb485b7e9238a3541cdbf758d7b4f4f8144fd35aa1c9b18eaeefe881ce
CLIENT_HANDSHAKE_TRAFFIC_SECRET 4f2ee369d094f9719d3af6ab09a262de6c004dcd860a2a333ead834311f09593 fd2326fc50613eb1b469a97a5877a0572826cd1a5afdac05841ed6022282d8750368853e771a0038a6ac6661d16c39c1
CLIENT_TRAFFIC_SECRET_0 4f2ee369d094f9719d3af6ab09a262de6c004dcd860a2a333ead834311f09593 ae95fa8c44485e3e5837cbc8eaa22a56e55e993278d8338b0984ee4be6b4a9a4d54f5bdbb15f66614bbcc1beda62fab2
SERVER_HANDSHAKE_TRAFFIC_SECRET 92af946adc41f83a297ccc628fd8a3ac53b1226b18141698b7f7cfe6f52625a2 c73104a74489eabd5dd9eb77fcb8e6ad3b902bf81511715fff8a0ac6d12272c3c07b18b0dcbc92baac0ddd9e28c2b788
EXPORTER_SECRET 92af946adc41f83a297ccc628fd8a3ac53b1226b18141698b7f7cfe6f52625a2 e56852dad3681315e783bd2e588c4f8e43b34d6d597cd77f0c03b56310e31dff081e2efe03c58851ce80aeb51da7289e
SERVER_TRAFFIC_SECRET_0 92af946adc41f83a297ccc628fd8a3ac53b1226b18141698b7f7cfe6f52625a2 98f277f37464be795eef4d26d0242776fc5890897fda161725570e9c51fde6eceeafe4a3f8c84ec15db2d729bf0423ce
CLIENT_HANDSHAKE_TRAFFIC_SECRET 92af946adc41f83a297ccc628fd8a3ac53b1226b18141698b7f7cfe6f52625a2 ef79fc89a0bc6a1082dd45f8d0e4c98945a78b20858559993a23e1c473b5851e23f58236583bb02401d2b14e3d4f3a77
CLIENT_TRAFFIC_SECRET_0 92af946adc41f83a297ccc628fd8a3ac53b1226b18141698b7f7cfe6f52625a2 2ba2e84330afe45a0dcb60075a6ef31791bcaa0cf69be9ad3bd2bcca2d7b4ccabe29a4a41dd15741cf3c38d0e2991a45
SERVER_HANDSHAKE_TRAFFIC_SECRET e8a9a650fe30a55b1025407434388337219173d677db43c711a352c07bda8e31 d2e4b0225c870d4a92e11c85038e68e215d206bc1fa561e786a906a33780ebf25884f47c987cc27c329076b97881f0c2
EXPORTER_SECRET e8a9a650fe30a55b1025407434388337219173d677db43c711a352c07bda8e31 70159770bb149fc4e98e5795a19bd45c11a920fe674f46c0dc45fc5dbcd0c2f133117b1180dcb63902f7ab9ee2ebda43
SERVER_TRAFFIC_SECRET_0 e8a9a650fe30a55b1025407434388337219173d677db43c711a352c07bda8e31 e1df7e51ae5fb5c2d15932398f9761dfcbdcacb5f3ee216adab1f3a5105f382b309c182d413ce6fb6adc02d70afe788a
CLIENT_HANDSHAKE_TRAFFIC_SECRET e8a9a650fe30a55b1025407434388337219173d677db43c711a352c07bda8e31 c9341db02b7331bc57986abb2fb8acef373177b5a2b8efbeadd0309504ecb7a136e155644cb00fa43b8668021cb9dc3b
CLIENT_TRAFFIC_SECRET_0 e8a9a650fe30a55b1025407434388337219173d677db43c711a352c07bda8e31 6b80e5a3d4c73c06c054660939257a65d8ac88eff0a2eca6878fd050a8242f4c772e379ab656e56d551f3f7a5ed37f2a
SERVER_HANDSHAKE_TRAFFIC_SECRET dbe734b99ac6e0a25f776ee4a3209fc2e122e16bbb1b2074aaa2cc295b0327f6 b82fb8a2066b5092e78b36014b25b0b0814de3168a80342c90dfd83776917ef4eca01a4e89d55926c3ec36bdd7061390
EXPORTER_SECRET dbe734b99ac6e0a25f776ee4a3209fc2e122e16bbb1b2074aaa2cc295b0327f6 73677a69931a059dcdaa062bcbe09712d3ed5c2d7fe68dca7227a6ac2364afa89e1fee41c19d0318ce38b9407d75b2fa
SERVER_TRAFFIC_SECRET_0 dbe734b99ac6e0a25f776ee4a3209fc2e122e16bbb1b2074aaa2cc295b0327f6 4a32096d7137a76ab7696ee2f58511e27724017006a3a04aa715e50c3686af7e1298a3bf71ce800082a042d63a754477
CLIENT_HANDSHAKE_TRAFFIC_SECRET dbe734b99ac6e0a25f776ee4a3209fc2e122e16bbb1b2074aaa2cc295b0327f6 73e6d3ee027f84b69f538fb24e3a90f26b11f213208bf2c8b4281564e44a6c74b8b44272cd3c1b2838a3c1288bc3afc2
CLIENT_TRAFFIC_SECRET_0 dbe734b99ac6e0a25f776ee4a3209fc2e122e16bbb1b2074aaa2cc295b0327f6 8a9d5f99771e5771e7bb2bf7debed85a50f20c2beb7ea940c8216d40a31e99e1512a7cfa47679fbfce814c0123381462
SERVER_HANDSHAKE_TRAFFIC_SECRET 0daefc556d482bcc0a8af2ef4dc45d9b5ef276a4b8f6fb49ccd7b4ec53a12d3a 2c635b7060447a6ed2c3aa6d96cde5b92129201cc0af0ac2ab9aa6832f961acd25282c4742cc7a7c5861381dca1ed217
EXPORTER_SECRET 0daefc556d482bcc0a8af2ef4dc45d9b5ef276a4b8f6fb49ccd7b4ec53a12d3a 0c255d92407c2cdee61bb1065f6fd0854ac5e3678c1aac48f36d6380d5898ce158a6f6db4a7c8702b718532d713e4cfe
SERVER_TRAFFIC_SECRET_0 0daefc556d482bcc0a8af2ef4dc45d9b5ef276a4b8f6fb49ccd7b4ec53a12d3a f2300a3a18944729769881d39c12ec7088b7ea4187b0e9ba24d365201d30cfd4382f9f08fac897ca121c1cc838d47608
CLIENT_HANDSHAKE_TRAFFIC_SECRET 0daefc556d482bcc0a8af2ef4dc45d9b5ef276a4b8f6fb49ccd7b4ec53a12d3a ce71cd7ec2b28915bc127334d46aa4e9c8f7365a21ff8df2a3771521a75f02eb6db5ad4364cb902a02b99f32c6bd4869
CLIENT_TRAFFIC_SECRET_0 0daefc556d482bcc0a8af2ef4dc45d9b5ef276a4b8f6fb49ccd7b4ec53a12d3a 8073d47c2ef0048f5ffe0d0b6f22cebdaa279e53e761e6c46d4d00c078914580fad383ed4796a8782cc4d031280924aa
SERVER_HANDSHAKE_TRAFFIC_SECRET 3dae2f2ae6e0aaa0b0fbe3cd4070812edd585e68634d2f85963119238a8a4226 5eae98ea4af9ade9447de16693d7291ab3c5013e32ae6f8d97dc08f4b42a79f59699952ee1b01d1368e845c0457149c8
EXPORTER_SECRET 3dae2f2ae6e0aaa0b0fbe3cd4070812edd585e68634d2f85963119238a8a4226 e34c68c494f7366e549a021ff2bb357999b516dfde1143ac4a7a5a6872cd3c4e254aefd114513e36460d37f77eb07c64
SERVER_TRAFFIC_SECRET_0 3dae2f2ae6e0aaa0b0fbe3cd4070812edd585e68634d2f85963119238a8a4226 ece2e006c6f68d7b2d2d0d4fe953b8329b6f24742d8cfd4b136e4716f3b5024e3616cc34e85f115123eb472f3bc4202d
CLIENT_HANDSHAKE_TRAFFIC_SECRET 3dae2f2ae6e0aaa0b0fbe3cd4070812edd585e68634d2f85963119238a8a4226 212d1e7b421a42e719911d12819c1348befe77441379da22af2d31998911ca0773c3284771b4f7ec7f59b2c7b401e42c
CLIENT_TRAFFIC_SECRET_0 3dae2f2ae6e0aaa0b0fbe3cd4070812edd585e68634d2f85963119238a8a4226 e55753c4fb8fce61517f3eb41c579937037b9b6a093bdf1efe453fe07608df8d1eba3efe299f3de1827bd81fcadc09ee
SERVER_HANDSHAKE_TRAFFIC_SECRET 19ecbeca2ab145fe0cf622ab5712341c48f4dbb853c86f25fa7772b133a8e3d2 73bcbaacf05d3ec3445ab49b739d7d6279c3f32750a2f28b935e03b9aeb3d399c50a661f61ee9156c19088542923b8b2
EXPORTER_SECRET 19ecbeca2ab145fe0cf622ab5712341c48f4dbb853c86f25fa7772b133a8e3d2 a87f09c681fbe364027b819c0ec769a92bd70ea435b4d18e347a3325c9a32f14b6956f50c0450dd049e801079557ba64
SERVER_TRAFFIC_SECRET_0 19ecbeca2ab145fe0cf622ab5712341c48f4dbb853c86f25fa7772b133a8e3d2 92f8625c678a8b112eb44bbd12f7466b2439ecf91e7fc5de72e432d744a07011a10e963897fb3eaa131a509d65c5d570
CLIENT_HANDSHAKE_TRAFFIC_SECRET 19ecbeca2ab145fe0cf622ab5712341c48f4dbb853c86f25fa7772b133a8e3d2 8a03000244aacfe1321b8355455e22aa1f5fe636489d3108047b4c79347d7d1efe6679fac4e0072592a02102b1235e36
CLIENT_TRAFFIC_SECRET_0 19ecbeca2ab145fe0cf622ab5712341c48f4dbb853c86f25fa7772b133a8e3d2 c9a6b79b30e8cdf554a23404405e0f11c234ea2f81e987796c08b02a2fd81b5ef4e45ea17802fc57bec5023bda797f13
SERVER_HANDSHAKE_TRAFFIC_SECRET 08009aca75e16ccbc4389c7ca405224d06039fce16c76aa57f1f94f0cab52fc1 a9d0c365440fc371592e85b41388648cc8f80da47fc478be1e8fd9faa3f7c64fede3e7f818a8ad4874e9206be3ba055a
EXPORTER_SECRET 08009aca75e16ccbc4389c7ca405224d06039fce16c76aa57f1f94f0cab52fc1 b47f8575d7139e6e5bb6187fcefa2f83bf2c5e48be7c56ee80cd358ec5409d7517d9187a7b76e2c6cc9133be4a5d83d3
SERVER_TRAFFIC_SECRET_0 08009aca75e16ccbc4389c7ca405224d06039fce16c76aa57f1f94f0cab52fc1 e7fd6c6e6664a7228219fab483fb35e728e9da1932806d4d1cad93a5e63d886ef18f666d4087f7b60c95ac40fe421b02
CLIENT_HANDSHAKE_TRAFFIC_SECRET 08009aca75e16ccbc4389c7ca405224d06039fce16c76aa57f1f94f0cab52fc1 cfcdd77f051c655d83d83bc752c8ce1dc7b980e9a4d275b79e6cf99756fcb6b0039b9818a781da30b0d2727239e622bd
CLIENT_TRAFFIC_SECRET_0 08009aca75e16ccbc4389c7ca405224d06039fce16c76aa57f1f94f0cab52fc1 e054253c20cf51b21c4e18693ca2550658d0db8b688ce63ea95865183f3258d1777df125bfb13411bca6352dff2cab1b
SERVER_HANDSHAKE_TRAFFIC_SECRET 83335277dfc7498784bb7086547b77f0cc15ae913148fe57e00ce854c8666d27 9dec41f14d55e63a88c4f3adccbcee88b556e151919b6e66b4539563b6eda6538faf75196cfa74be4415d4d259d22c93
EXPORTER_SECRET 83335277dfc7498784bb7086547b77f0cc15ae913148fe57e00ce854c8666d27 f0bb00439051eaa3bf7ac432854d1d5256371c9bec9ea0ba0004096c2259b929084813ea7b662301ce3a99e241840800
SERVER_TRAFFIC_SECRET_0 83335277dfc7498784bb7086547b77f0cc15ae913148fe57e00ce854c8666d27 427c5e76f70f0746768aa8852b372cec17a3ccf19844c72499435150aecf36cd57d4acc71901240b5d6e49854644b2e2
CLIENT_HANDSHAKE_TRAFFIC_SECRET 83335277dfc7498784bb7086547b77f0cc15ae913148fe57e00ce854c8666d27 0062488a763daea454150d85ac69edc25a43bb42df7ef063b77a2b17d5fe3d1c683aec0909466931fa20397357f9e9d5
CLIENT_TRAFFIC_SECRET_0 83335277dfc7498784bb7086547b77f0cc15ae913148fe57e00ce854c8666d27 53be0c7e017f70db5289ebcf12068ea9dd7b3fc2f5f2a16c0a9944770df56c9a8cf85dc1c4ed951b14c74231b007cd97
SERVER_HANDSHAKE_TRAFFIC_SECRET 7dbbac15d54ebb1ad4dc30b92e0f191e2e75fc513d5b3f245e9540ce227f3d92 1f2d86e9752524149658a8d697b60ecc48193b1f02f5b1329f8df7bed2d2ff2ebfa028600afe5ea6b104d2ceb8f1abd6
EXPORTER_SECRET 7dbbac15d54ebb1ad4dc30b92e0f191e2e75fc513d5b3f245e9540ce227f3d92 949479cff4c9de341ae6dc4a0291a5527c122ea8e3d8693f733cd8c4379bfd9b0e0ffb55f1cbd8b53a7ddcbafd0f4fc5
SERVER_TRAFFIC_SECRET_0 7dbbac15d54ebb1ad4dc30b92e0f191e2e75fc513d5b3f245e9540ce227f3d92 0bb7ded413715db1db5790052ec1db9b405a7fbde0822318910eb034279ee99546b28e3542134c67eb2f249eefd52339
CLIENT_HANDSHAKE_TRAFFIC_SECRET 7dbbac15d54ebb1ad4dc30b92e0f191e2e75fc513d5b3f245e9540ce227f3d92 03315f99fe3c25d02ff8a2a5b9768be2efb1392f3f2e9ec69f0f10c03f9d92660453db49cce60cace85ddbfc4ce86acd
CLIENT_TRAFFIC_SECRET_0 7dbbac15d54ebb1ad4dc30b92e0f191e2e75fc513d5b3f245e9540ce227f3d92 2b936c15bbb66ea50377c6fe05d2012e3757780173ef8e2ecd599b28cd0d83132c0304a231b0297b74e901233d84968c
SERVER_HANDSHAKE_TRAFFIC_SECRET 6909a38fbfd8e2deb657370d62e0131c3b8e2e4153ea188e5360fe80f619dbdd 121fb50eb4369674b296a41dd866140c7e1a80de53f6627993741632424aac97098d345d198a5022962104baf841ee87
EXPORTER_SECRET 6909a38fbfd8e2deb657370d62e0131c3b8e2e4153ea188e5360fe80f619dbdd 17f5e73598049449690a1cb7b402077e0780a8260a59fc5758a9dd43232a97cef2bd7e7c506626a6c5f70c522c2a8d25
SERVER_TRAFFIC_SECRET_0 6909a38fbfd8e2deb657370d62e0131c3b8e2e4153ea188e5360fe80f619dbdd fe54408ac0b299f80572374fd7e36eea5d5af031a0f09514eeccce8e9ad5704ed1319f6f7c54ec0bf6fa20165ff09222
CLIENT_HANDSHAKE_TRAFFIC_SECRET 6909a38fbfd8e2deb657370d62e0131c3b8e2e4153ea188e5360fe80f619dbdd 5407d82410d3202e54b500ea9c3a975a6881e2b1e8e140f4beefd3173c2ea893927d56b0278e2059ebdd2454e7358aeb
CLIENT_TRAFFIC_SECRET_0 6909a38fbfd8e2deb657370d62e0131c3b8e2e4153ea188e5360fe80f619dbdd 44debacc8b1e9ec74dec3d3d8b644c39b9c9f00e61a67336df22e3fb9a385bf246ee5c5495df15d622a65b0900c5fe95
SERVER_HANDSHAKE_TRAFFIC_SECRET 18ba10932b903bbced7795463951c6172f424b5cb6f86826c604dfc1b24282bd ad54b2a7d70b8d361c53f267c99796b5400d66104478d2739a96c61fbb6928412a4ca441e0aef641cf4b28258c81fce5
EXPORTER_SECRET 18ba10932b903bbced7795463951c6172f424b5cb6f86826c604dfc1b24282bd af477bed1847ef4cb59d36f3e9cb94b009b0e7977f60207f9796a0a2bdc0c889976c2f249abe4f1b5605430a0f028148
SERVER_TRAFFIC_SECRET_0 18ba10932b903bbced7795463951c6172f424b5cb6f86826c604dfc1b24282bd a4e7c261698220e51e01b011cbfe15a1aaf85f3e6a7aaaa08b4c62fe795aa568eb8fbfbdde73838ed774814a20c773a6
CLIENT_HANDSHAKE_TRAFFIC_SECRET 18ba10932b903bbced7795463951c6172f424b5cb6f86826c604dfc1b24282bd b2ba38df92b95f23016ff20176742a3c8f439c0f502d634fc9ac35d2f183bf67715aebafb0bf118f2c7fd865c3e816e5
CLIENT_TRAFFIC_SECRET_0 18ba10932b903bbced7795463951c6172f424b5cb6f86826c604dfc1b24282bd edd7fd0f6f08bd0097df09e20df5878669cb479cb3a999ea4a9c40423218434d9bee929f85a1996badca4137630ae8e0
SERVER_HANDSHAKE_TRAFFIC_SECRET a60fd84a6a800c477d1626320d1269072fbfbf4a3778e6c66690a8a957381cdd e0c3d6d5d3f7657ea6d117ebd55d243f2a41b507d5c97fdb8968090b15fe0c57e7c6f118ba425506c7e5f67b6f68da68
EXPORTER_SECRET a60fd84a6a800c477d1626320d1269072fbfbf4a3778e6c66690a8a957381cdd b22441e33f9e52e178160cfa91130a2d30dcc8a8ae38733e02ae30a115fa3d7cc2c00306076bddc6f7c69e9c032b22eb
SERVER_TRAFFIC_SECRET_0 a60fd84a6a800c477d1626320d1269072fbfbf4a3778e6c66690a8a957381cdd 782e5495538c974b5af664803273cd7b74a4183d4dc28887cc8e53b21b8a13c54d86d36c5115b17f4792fce9b20014de
CLIENT_HANDSHAKE_TRAFFIC_SECRET a60fd84a6a800c477d1626320d1269072fbfbf4a3778e6c66690a8a957381cdd cf366cf00cd2c6247f3db05065c8d029f468cc189aaa7cda1185b6508a563df958810dc95a0d0ab4bc16df18a544b310
CLIENT_TRAFFIC_SECRET_0 a60fd84a6a800c477d1626320d1269072fbfbf4a3778e6c66690a8a957381cdd ab77e96b67bf97a2a944c1b831c688d88f4fe082c2525162ec2da2926884c6960f2e55b53c572370ab33169ef1a716d9
SERVER_HANDSHAKE_TRAFFIC_SECRET e3ba0fbf1259d1b561e1f7e43a99c2d9dc0199e9cb6742b32f2c9b16f49dbb71 212c195e103d8bec18710aa9ec335ef5c1cdf907a8767a0f9ec0a68d9b90f0e3612388095afa34a7d0917e37d3ddbf7a
EXPORTER_SECRET e3ba0fbf1259d1b561e1f7e43a99c2d9dc0199e9cb6742b32f2c9b16f49dbb71 661caea1b33a1cf421b6892a061ebb6a3eddfd7802eb206377461c2ba2bece96e72dd408e98ea26e93f00a992b0f8c73
SERVER_TRAFFIC_SECRET_0 e3ba0fbf1259d1b561e1f7e43a99c2d9dc0199e9cb6742b32f2c9b16f49dbb71 2336e3be6be615d5f8bde01d7a7d53be54e744c317951b8432739ed22ad26ddb8f45d28d31d78c95237b90d10a8a7d06
CLIENT_HANDSHAKE_TRAFFIC_SECRET e3ba0fbf1259d1b561e1f7e43a99c2d9dc0199e9cb6742b32f2c9b16f49dbb71 b593de9dc928b123afaf6776b9709013678e2d8e302be3c77185ac33e116557e65615171e46521f666a9dabbf3a67f9a
CLIENT_TRAFFIC_SECRET_0 e3ba0fbf1259d1b561e1f7e43a99c2d9dc0199e9cb6742b32f2c9b16f49dbb71 962f50e8eadeb8f75e8cc483438479311b92043e2a5be84566d273ec3d29f84235ef58d28ba8f5edbb576d9247e2f054
SERVER_HANDSHAKE_TRAFFIC_SECRET ac84fcb69120de978f1833b440ad7ba80e0ac00fdc67440e4646f178d60fa975 f2a8b0066795ba0ce77fe2a4c6dc9342201fc9472f67efd8be2bb765994f4b2f576d4a3e35642dc8757ae18caf3184de
EXPORTER_SECRET ac84fcb69120de978f1833b440ad7ba80e0ac00fdc67440e4646f178d60fa975 0359f2c8fb95109fcf20940c237237ceb0a29390baada2170f2501f6892ee25a2a23db0d61f67212bde35ae9450f074b
SERVER_TRAFFIC_SECRET_0 ac84fcb69120de978f1833b440ad7ba80e0ac00fdc67440e4646f178d60fa975 001ede9c6de84c511a28af8ee91c967ceae9fe8025b7f41dd349ef2e76a901e7425e0c397f97c54bc6e3305ba92b1d78
CLIENT_HANDSHAKE_TRAFFIC_SECRET ac84fcb69120de978f1833b440ad7ba80e0ac00fdc67440e4646f178d60fa975 dcac32ff52eb83a69c8bc16e25623932af4b77df3d88481f16c140974929ebb0a0468bc2a8092ce2c1f81f96c9c2a053
CLIENT_TRAFFIC_SECRET_0 ac84fcb69120de978f1833b440ad7ba80e0ac00fdc67440e4646f178d60fa975 0a9edb41b8c05b4098a277130e12a2cfa46f2447e8f9c96f04cd874a5387f4c5ab7a0142842d1016629160a64013a9be
SERVER_HANDSHAKE_TRAFFIC_SECRET 6a09d1d3e4d23b1db23c594c2907f57dcf08c40612f6b77cf36a9a7d8ee21834 67f821d21c790c97b4fc7a6792aba601772360e9aa59d27bcdfbbfe6966e90ecedfd6920876e133f5bbac1c4cdc983e2
EXPORTER_SECRET 6a09d1d3e4d23b1db23c594c2907f57dcf08c40612f6b77cf36a9a7d8ee21834 f39180bc6ad2c638a555b4e441e26ad924d80f7c897c64f6e4ee1c2a58bee33644794b928d47bd18b53231f62ba591d1
SERVER_TRAFFIC_SECRET_0 6a09d1d3e4d23b1db23c594c2907f57dcf08c40612f6b77cf36a9a7d8ee21834 2af0e04ed83c6c48dc5eba7b32fe6a72cbc64b3569a500f127c230517e7a41dea206172e0ad28fc9816759d0c0afea0d
CLIENT_HANDSHAKE_TRAFFIC_SECRET 6a09d1d3e4d23b1db23c594c2907f57dcf08c40612f6b77cf36a9a7d8ee21834 b64a536dc402ea9ef68dfd9d60bbdddad28bed3d2905e09970ac5b3721573b3c0d608319f7eb51c4cc5bcd9ea3910c88
CLIENT_TRAFFIC_SECRET_0 6a09d1d3e4d23b1db23c594c2907f57dcf08c40612f6b77cf36a9a7d8ee21834 447dbba7d2f3a1194742fec47d98eb49ef760a23f649cf16803313c7915ffc657f14d0c5a9297cf4657768c4ae5c8a10
SERVER_HANDSHAKE_TRAFFIC_SECRET 3e91414ad587edc7adfd84a08666819f56fefaeca0b1afc6920b8f19ce604462 3a7393413b898754c32058a09de9797a8e4a9e2dbdab59e5822eb7260f3d44fb5b8e5c1e873c2e066f329676a2f67c8f
EXPORTER_SECRET 3e91414ad587edc7adfd84a08666819f56fefaeca0b1afc6920b8f19ce604462 a0aaa2a3c70ea4729d2599cd6c75d57f5109d512ad838077b778bde9a6de2b5b3c7d39cacd5289cae93d5b7ccc63c090
SERVER_TRAFFIC_SECRET_0 3e91414ad587edc7adfd84a08666819f56fefaeca0b1afc6920b8f19ce604462 c15f65a0637388d5a7db9ec1fec7a1af89fa61012b7edb2df7cc923c03e633c46da6673587d9c3059751c3f988243b02
CLIENT_HANDSHAKE_TRAFFIC_SECRET 3e91414ad587edc7adfd84a08666819f56fefaeca0b1afc6920b8f19ce604462 d9a89451239f193d9e09ae074d12fda609ca531584af76f28e22d32c7ad5761f94e56dec352fb5aa9eca2bb272cbcd86
CLIENT_TRAFFIC_SECRET_0 3e91414ad587edc7adfd84a08666819f56fefaeca0b1afc6920b8f19ce604462 8b5e65c945ad9d9f2e2e6d625881c44155869a83ad893e534360cc61ce53753a78e229cbc289ab40055d9c03cc3642cb
SERVER_HANDSHAKE_TRAFFIC_SECRET 059ab74db88edce0b1317acc4ee88cd05e926c70939121211baf13426ba7fc8f 6062033245d2b144bcc6438bcf91f72f8edc9adf8cea9aaebf85bdf0302a56f451bd0badea110ff03c1a985cc787d0a9
EXPORTER_SECRET 059ab74db88edce0b1317acc4ee88cd05e926c70939121211baf13426ba7fc8f 7fb898448bdfb432f0eecccac592bd06ab4f9053847db43cd0588dbc6d0a21d5d2bb4f750e44b6c71469a0427383d055
SERVER_TRAFFIC_SECRET_0 059ab74db88edce0b1317acc4ee88cd05e926c70939121211baf13426ba7fc8f d7ae633a733e544e4eb1821c5ea992682d9d23299cafc0c6fa0fdffa2f0b6df0e1ce7614eadac403d85acf07a653dd8e
CLIENT_HANDSHAKE_TRAFFIC_SECRET 059ab74db88edce0b1317acc4ee88cd05e926c70939121211baf13426ba7fc8f 108012c8f29c37398703315dbd21c609dd8d88381f36ac715df0a6b90581e119994df6b555ba899f0ba693c1fd027871
CLIENT_TRAFFIC_SECRET_0 059ab74db88edce0b1317acc4ee88cd05e926c70939121211baf13426ba7fc8f faa9689bade4ee72280a5e6bbfc15cc91b63a7cc55cbf789eb2afd12f243c40bdb6dbd5a28150ff3fa96234a4f5e3dad
SERVER_HANDSHAKE_TRAFFIC_SECRET 2190faddd3cfb8902afa55179f6fcb0393d28ea3d8ef05f048170092bb24dc8c b9a5f53801e2ff8fed756fb1d1ddc7faba642a77651a5ab76ff437f7fcd56598b5ce1974e5eee7f259bfd42244418604
EXPORTER_SECRET 2190faddd3cfb8902afa55179f6fcb0393d28ea3d8ef05f048170092bb24dc8c 31fd3ee4d0807837347b34b0401373b6cce26a6a75f299f886aeb5d3bf802370756d6f34ec9f9c23400fc17207808e03
SERVER_TRAFFIC_SECRET_0 2190faddd3cfb8902afa55179f6fcb0393d28ea3d8ef05f048170092bb24dc8c f70da7c75fbd242c6774600c6ad0189ba35236efe00dd676df1f775dfc11112b496fecd6254b04fc6fb9d0b388768e68
CLIENT_HANDSHAKE_TRAFFIC_SECRET 2190faddd3cfb8902afa55179f6fcb0393d28ea3d8ef05f048170092bb24dc8c 72701654dc38615a636a8ab1e65f84856faad57c3eefd94fc8e542d5faea8f66c9c630e1312e669aaee42652bedab672
CLIENT_TRAFFIC_SECRET_0 2190faddd3cfb8902afa55179f6fcb0393d28ea3d8ef05f048170092bb24dc8c 53fdb4fd447d4eb142b6c42260989458e30889413f198e272407cbe49bcf79898e10206afac3f9ec95d283e36f61f680
SERVER_HANDSHAKE_TRAFFIC_SECRET 5cb6ad29fbfc25b103edcad1c80c41bb8bf3f4c49128730bfa920b298ee9e0e6 c95cdd3e8eb01a51290a051638e9bba24f90236d910f96eff2a4f70c80da57b2ded45154a5cbf527b62a78d32dc25046
EXPORTER_SECRET 5cb6ad29fbfc25b103edcad1c80c41bb8bf3f4c49128730bfa920b298ee9e0e6 2bd1e67ad2bde3d027f305519b90a8bbfcb27b579858dfab22ae62582e27a57a5ebb20d295bd6f49292192b0f7f8c572
SERVER_TRAFFIC_SECRET_0 5cb6ad29fbfc25b103edcad1c80c41bb8bf3f4c49128730bfa920b298ee9e0e6 3050ad53a08cdb3c0c23bee405a687d7fd5ff28aa6caf8e415965c1544b33e934d4ca63b5a370c037a3b3284221a6b36
CLIENT_HANDSHAKE_TRAFFIC_SECRET 5cb6ad29fbfc25b103edcad1c80c41bb8bf3f4c49128730bfa920b298ee9e0e6 38247395241984840da5cac8b991120d1d1b8b3b2f956c1e1c9b67570697bea6b79a47096f1bd7b10ebbf4b8b6689519
CLIENT_TRAFFIC_SECRET_0 5cb6ad29fbfc25b103edcad1c80c41bb8bf3f4c49128730bfa920b298ee9e0e6 0e813c55da0d53faf446f26da5f3e91a6997597350421c7db12ffc69d1c0ecf6b0d3c3df7fde205e1519b48b7c54f2ff
SERVER_HANDSHAKE_TRAFFIC_SECRET 949a55d1d69a0f37b80bdb3745aff8479415a3ed8a4ce65181677608fc12d6f5 0b2d4cb1b9b636be62605b77d0993fb9b95a4ada3395e9eb18635d2ed512c2bc8664072d65677a75f64ff267e9773ab2
EXPORTER_SECRET 949a55d1d69a0f37b80bdb3745aff8479415a3ed8a4ce65181677608fc12d6f5 8c569c50165b98da021416bb3e004aef514498e5f752d3c17fa450564f5947910ff30131ec6fc321078ab681818e2ade
SERVER_TRAFFIC_SECRET_0 949a55d1d69a0f37b80bdb3745aff8479415a3ed8a4ce65181677608fc12d6f5 c6ff50d3a926d8ee71cdd85b643066257fa89930771359d7eecd40cfe6ff424959afe3cba867427f21ac8350757c3e84
CLIENT_HANDSHAKE_TRAFFIC_SECRET 949a55d1d69a0f37b80bdb3745aff8479415a3ed8a4ce65181677608fc12d6f5 6fd779467fc29882681e19987470f44a22eb342dced4e90f52018d9d48e32f36710796e99706554238d3d039a7d9b706
CLIENT_TRAFFIC_SECRET_0 949a55d1d69a0f37b80bdb3745aff8479415a3ed8a4ce65181677608fc12d6f5 2a4dde7fbf8e3a4023309b57b18ff734472c7c0933dc1c66cdc4092bb8023c014960aae8bf125fcc22c98e702168aa0f
SERVER_HANDSHAKE_TRAFFIC_SECRET 51794dfac489c90365550feadbdf49349c94238cd17f25f3f1ca80b890b96212 26c46c06ac46c7a011d71f1dc20acdef7e3397015b422899734d9917694e85e977bb0ef5004779863ab18809dc0a945f
EXPORTER_SECRET 51794dfac489c90365550feadbdf49349c94238cd17f25f3f1ca80b890b96212 9ae396d6f550a831b411dda443f6fb2e6ffaddca53dba8df612601987aac093b4de0b68437c71da003cbda3a90a4c355
SERVER_TRAFFIC_SECRET_0 51794dfac489c90365550feadbdf49349c94238cd17f25f3f1ca80b890b96212 7894272ca27533ab5605eb610041058f7128416a987303c1a995f9dab00f20558cd073e888fccf7ba57c4e3ff98484df
CLIENT_HANDSHAKE_TRAFFIC_SECRET 51794dfac489c90365550feadbdf49349c94238cd17f25f3f1ca80b890b96212 2807d131232f2582011fe911036d7a6be967ca769906493ea1648667e56be7ed2299937a227670978f658a7fbb326337
CLIENT_TRAFFIC_SECRET_0 51794dfac489c90365550feadbdf49349c94238cd17f25f3f1ca80b890b96212 661cfec75db0617ca8d69cff0da9e659cf88fa5a4ca72273f6d48f047a907fd9b12f3a99792da6ffc09a442bc4c8acce
SERVER_HANDSHAKE_TRAFFIC_SECRET 7559a99e3f5b33fa99972d2da82bbcd43486e3f8ce4f17b459cc160c497b7d99 ca7adc7946dc532a5c488d015211cdbb1b88473b067df77e12822b69464b265e83f65b0c57de029ae6927490b4aa91bd
EXPORTER_SECRET 7559a99e3f5b33fa99972d2da82bbcd43486e3f8ce4f17b459cc160c497b7d99 79be4a20a21a0aa70b7da4ab4bb5f2705e869c5968c6eee938ef2e93485ffc524bd1c3d55d5c41caf24e3d9052c0f29b
SERVER_TRAFFIC_SECRET_0 7559a99e3f5b33fa99972d2da82bbcd43486e3f8ce4f17b459cc160c497b7d99 c321f7577e7655eeaa4709442d14261d23a0cda39a9eb663121e9a824f39099f87492f9e87ce16d423bd2445a87751c0
CLIENT_HANDSHAKE_TRAFFIC_SECRET 7559a99e3f5b33fa99972d2da82bbcd43486e3f8ce4f17b459cc160c497b7d99 7a68173d495bbe98a5a15b8b91a7056b29a6ade976531dc68b8bd0bb02686d09bc65d6064a1dbd30411518cb0c45b31e
CLIENT_TRAFFIC_SECRET_0 7559a99e3f5b33fa99972d2da82bbcd43486e3f8ce4f17b459cc160c497b7d99 d8cd178aa8a9552b945350a952db8da0c30f164872f5cd6f09cf25ade8f4dca37ccd77b38d5ecf9cee2fc0e4c2860292
SERVER_HANDSHAKE_TRAFFIC_SECRET 23034363bdc6d1d237a1a09266537fb58436bfd4cf86378b8be3f0f9dd8b69a7 489dee7cef18cdfe5226f7563ec7e665ef3437e22ffa128a290d688fca07bf80faedc4d030a32c3e8ace059b15edb04d
EXPORTER_SECRET 23034363bdc6d1d237a1a09266537fb58436bfd4cf86378b8be3f0f9dd8b69a7 b82ada06816e0f0a47be188ae55d63d3e091c22a16a7cd45149f2a460899a88b1d4b9233599bc2c85ea976018e82b9db
SERVER_TRAFFIC_SECRET_0 23034363bdc6d1d237a1a09266537fb58436bfd4cf86378b8be3f0f9dd8b69a7 e764c2c51f847ace0db9db6629366d9159d60a53d042af316601f43d5966a55a5d54bbc0a74a754d08799a9c6544cc40
CLIENT_HANDSHAKE_TRAFFIC_SECRET 23034363bdc6d1d237a1a09266537fb58436bfd4cf86378b8be3f0f9dd8b69a7 0a1e286b8eee923a2a89aa131a38d6950bcfe7a94a884c24e3f63e261acd6bdc8a1aa669a508b2943473aa647a68c652
CLIENT_TRAFFIC_SECRET_0 23034363bdc6d1d237a1a09266537fb58436bfd4cf86378b8be3f0f9dd8b69a7 86cc5a425f6f8bfb447ee7e1f2c477964625da59ac33732ebc59195ec88a26e9b22de9e1dacabd3deaca4251d688aedc
SERVER_HANDSHAKE_TRAFFIC_SECRET b712d47c54558abdf89b36261d142b7593a492c5fac9d93d584a6f678f9f52e2 4fa05cbe4c535f93fd61c1dead41d659fc8d18dd97959e39bd16c6bcb56aaffbc43ce33ceadf14f98f0ecbdc366e927f
EXPORTER_SECRET b712d47c54558abdf89b36261d142b7593a492c5fac9d93d584a6f678f9f52e2 a5df9f8a0e2e06b9c46b693470b24db9052560feb187a676605cc2f0d4fdc12f9e0966ed106373db2df67c2fa34efc0a
SERVER_TRAFFIC_SECRET_0 b712d47c54558abdf89b36261d142b7593a492c5fac9d93d584a6f678f9f52e2 69112bd5c3532d52a2ebb8c4d2ecc8488d23d505695c35d57085797783f986cc3612aaade1b4992e6a35388c297040de
CLIENT_HANDSHAKE_TRAFFIC_SECRET b712d47c54558abdf89b36261d142b7593a492c5fac9d93d584a6f678f9f52e2 2bf10c3bb2871befe0e227615697f35429aaa8c1fdda50ac32f84a4b2f452f4a69eb0fcbe789943cfa2c402864bbff6d
CLIENT_TRAFFIC_SECRET_0 b712d47c54558abdf89b36261d142b7593a492c5fac9d93d584a6f678f9f52e2 38b1ebe9dbdf6c2e9bc22696058f2d0bf59bafe06103e838196136393cad3b9274e9eb4671f455e68af09eb80504a0a7
SERVER_HANDSHAKE_TRAFFIC_SECRET 4a8086f349289d7d031db68ef37ddaedd81c6337661731f2c771f8cf70ee9afb 38208a9d30813acefece4c7b231f3bf16ff69c91acdd43f0c2671bcf4a4aae4ece3eb5130e3a2ee0325488060651db58
EXPORTER_SECRET 4a8086f349289d7d031db68ef37ddaedd81c6337661731f2c771f8cf70ee9afb 61ad989fbc402f2b8652f74b47623c9b2e1557df07ec17ebae83b7e784511429da65d1777708e0d1d9bfa96bdd89fa86
SERVER_TRAFFIC_SECRET_0 4a8086f349289d7d031db68ef37ddaedd81c6337661731f2c771f8cf70ee9afb 76381baea0027892aa0773f0e5d2e24c3524306cebc1494b48b785b6763f7f97779ccf73ea71c25a4ece25ad1a6edd3e
CLIENT_HANDSHAKE_TRAFFIC_SECRET 4a8086f349289d7d031db68ef37ddaedd81c6337661731f2c771f8cf70ee9afb 6b398781a0ee0af44ebd43d6e44993aed3a82172d644b238428c33ab62ec8d6f4081a0de262f8ac8feca986f57957342
CLIENT_TRAFFIC_SECRET_0 4a8086f349289d7d031db68ef37ddaedd81c6337661731f2c771f8cf70ee9afb 68517faee5482e647257e2d6b1e4c00275d56f6be06880fc210a7b2b26feddcd3b02a1f3c902c66d666972c435e863c1
SERVER_HANDSHAKE_TRAFFIC_SECRET fe6e6d158cd102d24d1f630360f5a30adcff01397a084bbf439def211a2784c3 460b3a8d6a09fe2f708be4765b47e824860bc2c7befe3a0dd27cbcab58e412699edda5c941c484e0154eafb832fd355e
EXPORTER_SECRET fe6e6d158cd102d24d1f630360f5a30adcff01397a084bbf439def211a2784c3 30b74f44aab220d05774cc2477f76fbe57d69524509663b8491e46d12aa2012036faf42b8a1045989d12ebde0e7bea7a
SERVER_TRAFFIC_SECRET_0 fe6e6d158cd102d24d1f630360f5a30adcff01397a084bbf439def211a2784c3 ecb0d38054ead07b3a6110a6e7eab0a4a198b24c43a72bd7a5c1bfce2d64815b57e2812fce57e332033ab5290919ae00
CLIENT_HANDSHAKE_TRAFFIC_SECRET fe6e6d158cd102d24d1f630360f5a30adcff01397a084bbf439def211a2784c3 d049591949965492934f8206fb23b0e4fdf1e6f1cb450f1c9ae7fc7978f7adc8770ecbca804d0374067ebd3ddb8b3c19
CLIENT_TRAFFIC_SECRET_0 fe6e6d158cd102d24d1f630360f5a30adcff01397a084bbf439def211a2784c3 6825a166c32bd46eba7ebce51c0d0dedda6db7bd78a76335ac3f890d49cdaf25f24ed960f9a5784ab59b0e5b5dbb04e2
SERVER_HANDSHAKE_TRAFFIC_SECRET 86bd54272a4026adb2ba60935f3915545397de02a10df270549b21d8d1450680 ce59eb4275b7db90961aeb6baa4170bc7ce83e9a104f4793a0b696ae08512ab4b05dc52516649160a223755e1ae6385b
EXPORTER_SECRET 86bd54272a4026adb2ba60935f3915545397de02a10df270549b21d8d1450680 6baaa95fcb9de85f7ba7261186f2de7b8b1679bb49f164decbacd20edcb59e68a8fa99d65457d7b8a6418c2e6238aaeb
SERVER_TRAFFIC_SECRET_0 86bd54272a4026adb2ba60935f3915545397de02a10df270549b21d8d1450680 3cd0160d78225652dec06c31de4e66284c106cd7256cd7a90d798b9b49f04f3da10bd7bc48aef3f22c19295f30454ebb
CLIENT_HANDSHAKE_TRAFFIC_SECRET 86bd54272a4026adb2ba60935f3915545397de02a10df270549b21d8d1450680 9526e436f65e6262b2ccd3b8caf2761f6df0b53e2e17ce8a0ef2c2d635df1ec2a7059aa2ff853034fefc54c69fe7e639
CLIENT_TRAFFIC_SECRET_0 86bd54272a4026adb2ba60935f3915545397de02a10df270549b21d8d1450680 eaee1bc91fa69e314963cf406d9d3af6945460d3cfc12fe4e751db4adc211f8106a45ddba00cd150a0ef236f687b94c4
SERVER_HANDSHAKE_TRAFFIC_SECRET 5b0d45f18fb676f56a08c305961d416f3d3003329d1eaa2add78a74fe8678b3a 1d45c48c866e2f001a4f2ff77b16ec9553f0e632bbfe61bc86925a822e81c75da6cf483b94c0f12280005eec7124e4d7
EXPORTER_SECRET 5b0d45f18fb676f56a08c305961d416f3d3003329d1eaa2add78a74fe8678b3a f1b14471b5957ca6d01e8f89072efed035006f9a981889a47cf7b081cbbbe7ee6f47a33595b4949a7d6073afa4bd7e92
SERVER_TRAFFIC_SECRET_0 5b0d45f18fb676f56a08c305961d416f3d3003329d1eaa2add78a74fe8678b3a d06695d197c95e4a782266331b06966273ef6497823171d8cb8e453c5024327b8934cbbaaf792c92e086c71dc72279cc
CLIENT_HANDSHAKE_TRAFFIC_SECRET 5b0d45f18fb676f56a08c305961d416f3d3003329d1eaa2add78a74fe8678b3a 371d65225799a490e9fa8d54e225a8f278b62c14088f10b58b24e834e329c978b368628a5a135d5e4c18f03b4ad9ee65
CLIENT_TRAFFIC_SECRET_0 5b0d45f18fb676f56a08c305961d416f3d3003329d1eaa2add78a74fe8678b3a ae65f15afb944d555f37ad8af917f6d94bd2ae435c328cb1b0d4f66553179c4fd106c334293a2896ddd515ef4e7a7e63
SERVER_HANDSHAKE_TRAFFIC_SECRET 1fea30a2ad613a5d56e512e0aa87fb00afb9d341e21947d38ca04b31b35d1a1a e1b933832404a96641f89c3a0122a682fd2e6615e755903bd02530e7e77347a5eeb5c66d15f7dcfd3a62ac7960e3b215
EXPORTER_SECRET 1fea30a2ad613a5d56e512e0aa87fb00afb9d341e21947d38ca04b31b35d1a1a 1483c8bacd7db7e16598a5c8365be8644a468497b0d8e4b6ce7c4ad03926f2ee11672e47d59c697d0d3ced02f8422099
SERVER_TRAFFIC_SECRET_0 1fea30a2ad613a5d56e512e0aa87fb00afb9d341e21947d38ca04b31b35d1a1a 8367ca131bc0835850efa8663ef6520038fa05a48f5457e3ec6353de4c85d7a8b30a8292fb550dcbaa28a1de1132eddb
CLIENT_HANDSHAKE_TRAFFIC_SECRET 1fea30a2ad613a5d56e512e0aa87fb00afb9d341e21947d38ca04b31b35d1a1a 7267c02a5170ec0e65dacbdf97c5db87dbd7f728f8402d78a549d5d5c65c86f843d3c3fd24f9f66d869d2166dfb1653a
CLIENT_TRAFFIC_SECRET_0 1fea30a2ad613a5d56e512e0aa87fb00afb9d341e21947d38ca04b31b35d1a1a 5085ad2d66eb634eb24f4424fd22c887c09556b5b817741cef8a445abe7b1c7b5be55fc5514fe269f57f634980b84d06
SERVER_HANDSHAKE_TRAFFIC_SECRET 9667bb6fa34045cc8abebd1dc7025b7f441485182530915d7e836d33af065d92 31d276810f28956bef07293aa0acef4ff791333ba5ae701803a594ac1680baa6e9946816a7a3d28fa06d389f445b783d
EXPORTER_SECRET 9667bb6fa34045cc8abebd1dc7025b7f441485182530915d7e836d33af065d92 d22906d0a75f63b3ab7f0d8211a85ffcff376869b0c1732286a94ff4e8d9b9f030a655bff678f42fba716d1566b3db1d
SERVER_TRAFFIC_SECRET_0 9667bb6fa34045cc8abebd1dc7025b7f441485182530915d7e836d33af065d92 7342930274260d8e77839940790b1e9bf5887ea900c32d1f589b809fc4cba76ae6303e62b25b2ca901c7b57ced3ebe87
CLIENT_HANDSHAKE_TRAFFIC_SECRET 9667bb6fa34045cc8abebd1dc7025b7f441485182530915d7e836d33af065d92 dfce850b0771fa17fa5e4463f83ce0bd64aba789c549a68bc21acccfed3a50326672930d5b14a3833a072517fd92b057
CLIENT_TRAFFIC_SECRET_0 9667bb6fa34045cc8abebd1dc7025b7f441485182530915d7e836d33af065d92 c371b33ec3af36ef4ee7535a7d3833066a9d5a60a556374ef2be38b170a4d47f3cad33221e09d633e29e4c851b00ca01
SERVER_HANDSHAKE_TRAFFIC_SECRET 6f847dc35fcbce3fe21d51107e2b7a1db83bd0d9dfe7280e96ee26fefd8af33b 4f1894f9a4a5ec02cd2c4b099660f9d7b8e452a0a010cab38bf69783b406073a04fb09d2b862ab4630eee909ae74ae28
EXPORTER_SECRET 6f847dc35fcbce3fe21d51107e2b7a1db83bd0d9dfe7280e96ee26fefd8af33b e1969078f63441692367f0bbba028060ba09f162ef50c32b98bece7d2dfb0f2d240daa27d4251923e7881467336f6f18
SERVER_TRAFFIC_SECRET_0 6f847dc35fcbce3fe21d51107e2b7a1db83bd0d9dfe7280e96ee26fefd8af33b 78fea5a1df110b9a027955d198abf6ec34e86c1ad2493047976b586eb8d81c840c4bf1c0600ca11e6eb4d798ffcb77c2
CLIENT_HANDSHAKE_TRAFFIC_SECRET 6f847dc35fcbce3fe21d51107e2b7a1db83bd0d9dfe7280e96ee26fefd8af33b 1b2765b463d6d07450a8ee6b6d3c60338730275848c1a00ec53ebec36cf6355d5f6345a1dd93658e3d80b9bec5b79a62
CLIENT_TRAFFIC_SECRET_0 6f847dc35fcbce3fe21d51107e2b7a1db83bd0d9dfe7280e96ee26fefd8af33b 85c6d8478bd8c2063ad82bb0b3905fad068db0bad98f6fe80a70201d547de46dcd948cbe3207cc3f4f7f5810a0879899
SERVER_HANDSHAKE_TRAFFIC_SECRET a7f30d4cdbdf45877444985707aea4640caeb1a2c25f8b39a7afc369faa7d01b eb02222d432e1e377722a6d452d0daf6e3c45ca2ddc502c05d52c8bcd159039e50491b505ecda373a0e68ca32ceb8b33
EXPORTER_SECRET a7f30d4cdbdf45877444985707aea4640caeb1a2c25f8b39a7afc369faa7d01b b3ed3e78107370924aa69282a45d78eed55dbc2e45d07076c824b33dc41aad3a34f6c2d4186de0fa764e6b2429138945
SERVER_TRAFFIC_SECRET_0 a7f30d4cdbdf45877444985707aea4640caeb1a2c25f8b39a7afc369faa7d01b 6cc2d5a1b6f0a1168fcfc5b9031832de3822f9b39072020a14e37c0b74c6ae0d91d1aefec612c261e8b1e758821547b3
CLIENT_HANDSHAKE_TRAFFIC_SECRET a7f30d4cdbdf45877444985707aea4640caeb1a2c25f8b39a7afc369faa7d01b cbff420c4dccf917642c71108db230bb08ebfdec96323004f70f7a23db23dcb62921b0852df0834e544dbccc11606180
CLIENT_TRAFFIC_SECRET_0 a7f30d4cdbdf45877444985707aea4640caeb1a2c25f8b39a7afc369faa7d01b a91d1828486ff8e2aef53d4f60e68f65b6596c39cec3588a0080ea57db8395bad57d0bbbd5227bf0e5f1b4ca7c830452
SERVER_HANDSHAKE_TRAFFIC_SECRET e0ab50a09db5aa6684af1a7a966559d316ccdcb2fdcae13729e79ba0304f7d30 e3e91f9e06b8d95d60240cec3feddafaf9da65709859581fa6ef1f3a818de8935695c0ea72ad850c55ebe16398f59f76
EXPORTER_SECRET e0ab50a09db5aa6684af1a7a966559d316ccdcb2fdcae13729e79ba0304f7d30 d51bd1cb1ed4d1b3c4fb23339320e08927af8dcc0871e0d4519f77a534b87fecfa3c56e347ac85094a1a6467051deef6
SERVER_TRAFFIC_SECRET_0 e0ab50a09db5aa6684af1a7a966559d316ccdcb2fdcae13729e79ba0304f7d30 ed6029e214ee87bf9c0f995d0a7e582bebb5ca69d63f7c56ceb99260f87a2c2d2df14ca8662ad9a8040855fdfb87d017
CLIENT_HANDSHAKE_TRAFFIC_SECRET e0ab50a09db5aa6684af1a7a966559d316ccdcb2fdcae13729e79ba0304f7d30 1c1ce8398f6a69e2e875a5421a13945e8a04c162661d9d7e5f33dfb855b193211287ca6daba0afb5ca8926c04f227bdd
CLIENT_TRAFFIC_SECRET_0 e0ab50a09db5aa6684af1a7a966559d316ccdcb2fdcae13729e79ba0304f7d30 4c19768be56cba750af217fa47bd56b2f186ca0da01712d2749fcad1937f681cc8228075bbac78702c75a5eedd44f9d9
SERVER_HANDSHAKE_TRAFFIC_SECRET d1f29b9687f56745c949a31b550de0348da1b771a0c2afb58a61cce987d5bd61 d5fbe622ea1a56742ba810b360ddbbbb87f00c68472c2eb0926aeffba12f4fe59097123a248f508decec94ea3c8407b3
EXPORTER_SECRET d1f29b9687f56745c949a31b550de0348da1b771a0c2afb58a61cce987d5bd61 0b9bfd9a7c6fa902c439f51ddb4bb61b37de661a5c5055ac81a14f5368872185d69d63529cbb927e443183053eec38f2
SERVER_TRAFFIC_SECRET_0 d1f29b9687f56745c949a31b550de0348da1b771a0c2afb58a61cce987d5bd61 07071126b0062605059169532d0fdce8ed2d35ffeb775edae67d8bfd2143046f5057923db4fb9fcb94e74b5a1c6c367e
CLIENT_HANDSHAKE_TRAFFIC_SECRET d1f29b9687f56745c949a31b550de0348da1b771a0c2afb58a61cce987d5bd61 8ec0d058f7c28f902ffb9203aa40ffd8443337741f7a7560c533f92bb7d798c7e1559ec6c4768d017c0bfd99b42d0058
CLIENT_TRAFFIC_SECRET_0 d1f29b9687f56745c949a31b550de0348da1b771a0c2afb58a61cce987d5bd61 ae1c6c5cc61cb808e89009b46ccb508b104b365df3f8e5cb8aa7748eb754466e1eb33549167ad7539e9a04d525d0af16
SERVER_HANDSHAKE_TRAFFIC_SECRET 2e2962d8d16389ab94b970e666769400dfa5d2b98d1ac6adb4a729ea8fcab788 87726c3ced8df8e54efdb0444af15381d9843e1af19568ff1cb692a923653c3c29dce63adae61fffd790d1dabb2b6f20
EXPORTER_SECRET 2e2962d8d16389ab94b970e666769400dfa5d2b98d1ac6adb4a729ea8fcab788 f23c125298b604168082305b7403842754ec219f6cedcc832c93c8117d6fe2edc7d4e6fa175818b8eab657d64833af2d
SERVER_TRAFFIC_SECRET_0 2e2962d8d16389ab94b970e666769400dfa5d2b98d1ac6adb4a729ea8fcab788 36e9ad6f56996fe26a57461217c6c774aa50453d898b4201120a5189ca5d54ffd244f17c5c99d4156a99a9aa57b2ed5b
CLIENT_HANDSHAKE_TRAFFIC_SECRET 2e2962d8d16389ab94b970e666769400dfa5d2b98d1ac6adb4a729ea8fcab788 6f38990524a6532019b4dee4d0206530393b8431a51146425002d594d81b41510478c3bedc8f28941e332328a881bc44
CLIENT_TRAFFIC_SECRET_0 2e2962d8d16389ab94b970e666769400dfa5d2b98d1ac6adb4a729ea8fcab788 b9c0cbdf20b1089340d4148f4f8242c7530c4d951b3ed12d792fa25bda7188e2ce7ccbc11986319733f889f8b076a2d1
SERVER_HANDSHAKE_TRAFFIC_SECRET a5914943cc6e811b79287cacad7371a6914c543109b21e269caf467ce4b25f8c 1229a5f34c8efe9df1bd9091ec849f83ad4a9f10ffd8207e08377fba356f8f6788758f51a04aa979f72345778693062b
EXPORTER_SECRET a5914943cc6e811b79287cacad7371a6914c543109b21e269caf467ce4b25f8c f8769a8ec42139251f980af33155667d9cba2034b88883224c948c3a7b0599bd3bdd3c4e86c6ad19fb8ec35cbbbe95da
SERVER_TRAFFIC_SECRET_0 a5914943cc6e811b79287cacad7371a6914c543109b21e269caf467ce4b25f8c fab2b0d6eaf9073905fc95831c4caf1154cb407bb3ff16d77261ce65471a32bd6bc1792c6dc04090ba8b29a076752c8d
CLIENT_HANDSHAKE_TRAFFIC_SECRET a5914943cc6e811b79287cacad7371a6914c543109b21e269caf467ce4b25f8c c26e3c9f5844ed4400ed84dc12d542fcc58b772061422e6f2650dc1f0628c01da438be8040ea848761e7755f804f219b
CLIENT_TRAFFIC_SECRET_0 a5914943cc6e811b79287cacad7371a6914c543109b21e269caf467ce4b25f8c 0ed030b6851ed123cb720df7023f3c21117daf1010699018a33eebda929c25d88e84fac10dc3333e6c0be9ebec6dac28
SERVER_HANDSHAKE_TRAFFIC_SECRET 56fe6a0599db173c12ef067352160e0bca99ca8b82efd801e52b523e3f353cb8 d246ba439417577a3bfccd909974eb4c519751725d7d23159f90c36a601febfb76b77e5f77ec548d6ff8ef7864c43df7
EXPORTER_SECRET 56fe6a0599db173c12ef067352160e0bca99ca8b82efd801e52b523e3f353cb8 f385273fcb0c74797c99d5ff60532619dbc5d65ec09cd29b22540283cd7481d3b1f30838fe1e6405a7f5d4a682da6ae2
SERVER_TRAFFIC_SECRET_0 56fe6a0599db173c12ef067352160e0bca99ca8b82efd801e52b523e3f353cb8 9c5c752646da3996f8aacd07e77bd85db34b4f66c6546e83effe443259db4815f9839a2fee59cac35eaf2f3c16100f4f
CLIENT_HANDSHAKE_TRAFFIC_SECRET 56fe6a0599db173c12ef067352160e0bca99ca8b82efd801e52b523e3f353cb8 5496845d8e4b6256abd629dbdce8cb2c19a1e272c8be8c097b1a5b4fd4f2ab80f3047096627c33bb333bf73f35e851d8
CLIENT_TRAFFIC_SECRET_0 56fe6a0599db173c12ef067352160e0bca99ca8b82efd801e52b523e3f353cb8 d67135b1d227cf858d97d91101492373fb756ccca366789ae1593e40bb80244b41470e9bc19ab37851804ced400c03e4
SERVER_HANDSHAKE_TRAFFIC_SECRET 7de495aa1a39d6284cb535b961eff319cf2e00429952f94cf8c0414b10b18b3f 9addb52b1c702c410fcdd1be43dec0e7d6550938f4d146296e84ebad2dfcd9bc8c3c4c80eda6624226e89fe44a69204a
EXPORTER_SECRET 7de495aa1a39d6284cb535b961eff319cf2e00429952f94cf8c0414b10b18b3f a64002a4c1c22fa3cccf53bf634e1c74f5d66ddf6a8472f7197337d9bdc6ae4320d3dfec6b97021cf8b781908bcf6410
SERVER_TRAFFIC_SECRET_0 7de495aa1a39d6284cb535b961eff319cf2e00429952f94cf8c0414b10b18b3f fce4cabf6c4f9aafae27e97d753e291f7d208a9b57b7a5d186b2d06610750bae910e6f2e6c131f400bc335c984e65b70
CLIENT_HANDSHAKE_TRAFFIC_SECRET 7de495aa1a39d6284cb535b961eff319cf2e00429952f94cf8c0414b10b18b3f a2cd976584cb08c60c1ccdc3f95acbb84c85a58b5cec3cfe57ca48f8c03973267101d2192105fd465967223ff6f5578c
CLIENT_TRAFFIC_SECRET_0 7de495aa1a39d6284cb535b961eff319cf2e00429952f94cf8c0414b10b18b3f fc191da2479f53f42788f814dd7137b5c06c6b66bdfed7261427f482941288e1ae7dd5040948cf86955ffb516fd84ed0
SERVER_HANDSHAKE_TRAFFIC_SECRET 32b59150031b3661415cc536a6d7d1d5371bb2a36bfc4b1ae5d05d63314d9598 aa72d89460335a3d4fa7eb2aa5d10bdd5d1a352c94a09efe60e28b214efc631efdef015748d0b0dba9efa481cda9a5de
EXPORTER_SECRET 32b59150031b3661415cc536a6d7d1d5371bb2a36bfc4b1ae5d05d63314d9598 c893f5caf106988c6945761f65f9a450c9104bbf369d145ffd2cf8e4cdb50a108d0a536e8aa7a63760716a4c7a82fde2
SERVER_TRAFFIC_SECRET_0 32b59150031b3661415cc536a6d7d1d5371bb2a36bfc4b1ae5d05d63314d9598 76cc084f7c523239d875482e0204333327bdbaca7dea4dfa0b4e53535480f30c8ad701cd5a347b7a597c7ffbf539d8fe
CLIENT_HANDSHAKE_TRAFFIC_SECRET 32b59150031b3661415cc536a6d7d1d5371bb2a36bfc4b1ae5d05d63314d9598 1ba116c64e92c03ea7bc01290fee35f808a4e947dc9bed5536aa4b0d973b52fb9da1043a8cfaeaa3efb032c152d395f4
CLIENT_TRAFFIC_SECRET_0 32b59150031b3661415cc536a6d7d1d5371bb2a36bfc4b1ae5d05d63314d9598 7fc612f3f82c76698638a9ed49758944937db120aef966ef20f8231104b923d91028af327b8de497ef2b8522ada94927
SERVER_HANDSHAKE_TRAFFIC_SECRET 7f36cefb01b82adf115213f5ce2fabd1741dba2728ad15c2146a57728f7fbc59 c480c84cabb6d575021a4889a3c7ceeeaf54973456eea0b39d135d3ec704e4fb4e2297fd2d5055e7d064208a13ace950
EXPORTER_SECRET 7f36cefb01b82adf115213f5ce2fabd1741dba2728ad15c2146a57728f7fbc59 2b249d00871ec1759e334a2f9374a7bb1530b78083f42242a65af57761c3dbbe3f56ad891326834202b5d077f2f09bcc
SERVER_TRAFFIC_SECRET_0 7f36cefb01b82adf115213f5ce2fabd1741dba2728ad15c2146a57728f7fbc59 1c01cd95333e57f5d1dd18e019457679463f789c233cc9ed58234d40904b5cd9b56b33851a2a7dce3f50e31f3b7d6b9f
CLIENT_HANDSHAKE_TRAFFIC_SECRET 7f36cefb01b82adf115213f5ce2fabd1741dba2728ad15c2146a57728f7fbc59 5222a6152bc842bf5b838b539edc571de09d410aafd781513b7aaebf5516c1c9df7d7a2d7348a1bfef93bdd8254f87ef
CLIENT_TRAFFIC_SECRET_0 7f36cefb01b82adf115213f5ce2fabd1741dba2728ad15c2146a57728f7fbc59 9f7cfab97af443d84f10ab5f9942b71b0fcd8430031b6ab09acbb963d5c21eccc644179c228d741845b4fcf9df712aee
SERVER_HANDSHAKE_TRAFFIC_SECRET a5b7bd3204f67b1ce09f62475a6654dae43752e666b704c8d38b1e739499f1d6 bb430cf1a49ebbaabee8b95fb7693f73c3c0f20a5b56b192de718f155a6c1cfcea5890a73a2bc50e875cd8fcc5abd083
EXPORTER_SECRET a5b7bd3204f67b1ce09f62475a6654dae43752e666b704c8d38b1e739499f1d6 5f2b45da51a5a8dc3356f30b95a076f4aeb3aeed5e8315cae6970b5a89c301d70d527538000a008585b4e0184daecdc8
SERVER_TRAFFIC_SECRET_0 a5b7bd3204f67b1ce09f62475a6654dae43752e666b704c8d38b1e739499f1d6 965b6579aaa8404f3779482f79ee43ea8ace44c3f522cfd21260cf4fd07b1847d1d7085c775cdf84ac1306af46527fc7
CLIENT_HANDSHAKE_TRAFFIC_SECRET a5b7bd3204f67b1ce09f62475a6654dae43752e666b704c8d38b1e739499f1d6 3e9541d2f9c8f58a0313f076d06fcaedb60128403cdd1a7ca3a31b0469174ccaee50d1ccd82c1549eaa60161dc39bf72
CLIENT_TRAFFIC_SECRET_0 a5b7bd3204f67b1ce09f62475a6654dae43752e666b704c8d38b1e739499f1d6 e6dbcff37bcf57e427a4289a4821a28743d22028aea7399024c3748764d8ed718e1c4eb85c11f3e87bdd8b58c4905bb0
SERVER_HANDSHAKE_TRAFFIC_SECRET 7ac20c3a74f7ae270c9cadd08df15cd6f54292dc04ce99d27b42790a301045d8 4586137feac90cccaf5f6c6e03cc6f88da2b5696b8a95afc310d04f7ba25344e65e27763f75512a2a1be10eab7276ff0
EXPORTER_SECRET 7ac20c3a74f7ae270c9cadd08df15cd6f54292dc04ce99d27b42790a301045d8 5f92a1c87451a228ca85fe274c65ba0fa5edbcf2904ba4f93ce853445909bcfd5e8cfd3e8ed00e84deac2595beb60a41
SERVER_TRAFFIC_SECRET_0 7ac20c3a74f7ae270c9cadd08df15cd6f54292dc04ce99d27b42790a301045d8 9411bf405c4f9135f14220f484f025e833ebd89d96537548c4ec68c93e1e6a977bbccec5f6d3d7992c5036d79edae38b
CLIENT_HANDSHAKE_TRAFFIC_SECRET 7ac20c3a74f7ae270c9cadd08df15cd6f54292dc04ce99d27b42790a301045d8 ced84cf7916b8de3bdadebf8b4b53c7189a97d0d7ee48c308a21f4b61ac64c78be86a6b1b7fbd5772ee6461d46c1e801
CLIENT_TRAFFIC_SECRET_0 7ac20c3a74f7ae270c9cadd08df15cd6f54292dc04ce99d27b42790a301045d8 56499b0b0b06a6a1c754ce66b3e714da027f985589f25e5faef4324914f5584b583121abe38cd503cfb519e0094b60cd
SERVER_HANDSHAKE_TRAFFIC_SECRET adb410be3e61ddce636cc1b6e9e90e6cd9ba074f15c123872220e076d7d5c0a8 5b1df37dffbfb1ce482ade2461f28a7bc45a4c6b3b9d1ea2dcbe4a3491ba3c528857f3c636d5db508ef7640332a06694
EXPORTER_SECRET adb410be3e61ddce636cc1b6e9e90e6cd9ba074f15c123872220e076d7d5c0a8 18f01ad25e7f3af6ec8b9d58b30d5a6275fed343bdc38df3df950acc88b35eb46dd578ad704370b123770391d6503f71
SERVER_TRAFFIC_SECRET_0 adb410be3e61ddce636cc1b6e9e90e6cd9ba074f15c123872220e076d7d5c0a8 6bf7b88d16a0d36555a9af3c66e7e2e3a79ca8f7e35911763da3d5f6af68206d214b508d8b01f925d5dcb2af52c08f98
CLIENT_HANDSHAKE_TRAFFIC_SECRET adb410be3e61ddce636cc1b6e9e90e6cd9ba074f15c123872220e076d7d5c0a8 5913609e926769c31f0a96a41551b6672a0093524750b8df40cee059b1bb8a73ff09d54574ab4a4e8478242e86f679de
CLIENT_TRAFFIC_SECRET_0 adb410be3e61ddce636cc1b6e9e90e6cd9ba074f15c123872220e076d7d5c0a8 077fec96d45f6e6ddf5ac2162bb0b8d6d782e6033aa8d9c2f55212b466a9149db1626a253501d48c6255805ec15854bc
SERVER_HANDSHAKE_TRAFFIC_SECRET 1c8100e037a1e70c625d576af227b2c89db0d98b877f9a37e8a1dcae1974f433 298584ffb1055da753759992a3ca61494fb56b3cc457540a5aed33fec72c30777ba1c4a408dd234cf4420ca3661eb50e
EXPORTER_SECRET 1c8100e037a1e70c625d576af227b2c89db0d98b877f9a37e8a1dcae1974f433 69aca4530a260fc323705527a20a2d392d8efcba2aed2d54f2e24a1579d611906fb222024d3d333c8eb95c8c00b61c37
SERVER_TRAFFIC_SECRET_0 1c8100e037a1e70c625d576af227b2c89db0d98b877f9a37e8a1dcae1974f433 83920a3b6a660a8193d9caec0ee62affdf7072a2ed78cb1b9aefaadaf44607d89c9f47cd7626377484fb1e445c17ee65
CLIENT_HANDSHAKE_TRAFFIC_SECRET 1c8100e037a1e70c625d576af227b2c89db0d98b877f9a37e8a1dcae1974f433 f0f85d74c745388b53380383713783eaa9486c5b1ed6e0c06a85bab396ac7532952518b8450be7bd56d22dc0b9466483
CLIENT_TRAFFIC_SECRET_0 1c8100e037a1e70c625d576af227b2c89db0d98b877f9a37e8a1dcae1974f433 db9b272c29ac8addfe5f64e2e089d8e4fa9884e64bba87a305e464edc229ef510660bd5a3052ff4f8418baa2d38ee992
SERVER_HANDSHAKE_TRAFFIC_SECRET 87c3ddd0082d4a9b6fc5c13a5db24b44494f9fd74c860e6a12a2a4cbd598d585 563fdcdd892cc9dfd92f0bd02c15689c3091bd5408c7d3b7abe225078f7811d0f6701e2adc597c6a35c63c7d4d9aa0e4
EXPORTER_SECRET 87c3ddd0082d4a9b6fc5c13a5db24b44494f9fd74c860e6a12a2a4cbd598d585 6b2cac218d04439c1b0dc6c5ddbf610578c41e91534d630d3e4f1a2341e9a694ccfb68b37173f6d51ab08b55309a1146
SERVER_TRAFFIC_SECRET_0 87c3ddd0082d4a9b6fc5c13a5db24b44494f9fd74c860e6a12a2a4cbd598d585 cf8fd453406866e226a9f633c1a5ecd77ae61f43d81f8f99d355f81867a8ea8a37cb185148405936f7794f3a894462b5
CLIENT_HANDSHAKE_TRAFFIC_SECRET 87c3ddd0082d4a9b6fc5c13a5db24b44494f9fd74c860e6a12a2a4cbd598d585 556f88bb4aaaa5c8bd898c845a7f1674cf1fdd51a65093647622ff200a51fb2c862bddba4519eac16ce6c2cd86572075
CLIENT_TRAFFIC_SECRET_0 87c3ddd0082d4a9b6fc5c13a5db24b44494f9fd74c860e6a12a2a4cbd598d585 9393aa24b7c868c6f322b75c650c2663a486c32596579c4a7cb346f60bf60c351a0d28ed8b307b3c35538842ef3307f4
SERVER_HANDSHAKE_TRAFFIC_SECRET a531c5305e3662b72362ad6e0f55243217490e349862ef1c9206771e41fda44e a0cd067ca22f8e6bfaf929fc42d091b5893ba8ca47f3f0bccd211e258b098319e4b7c0e1b8580466b22c2beb85f726d1
EXPORTER_SECRET a531c5305e3662b72362ad6e0f55243217490e349862ef1c9206771e41fda44e d861e6e555e4108d2ae9962b0c308b8892bff3edf4e45fea4f7917da49a66e3dfdd8da845c11e10239d7eb51e9a16430
SERVER_TRAFFIC_SECRET_0 a531c5305e3662b72362ad6e0f55243217490e349862ef1c9206771e41fda44e c5aaa9634926d3d95efe4991be4f5a2f6ba6595d880ee9532830d622615f8e49fd9d96e312ade91e7ed9c74f7cb30148
CLIENT_HANDSHAKE_TRAFFIC_SECRET a531c5305e3662b72362ad6e0f55243217490e349862ef1c9206771e41fda44e c79c4dce7096f303e9d09ccbf37f93343d31e85b5c8e9efc48a23f095697caeb850038cc74fe36210c8d8b3b5240e2b3
CLIENT_TRAFFIC_SECRET_0 a531c5305e3662b72362ad6e0f55243217490e349862ef1c9206771e41fda44e fc0fe9dacd952e89ea8166df8615ecebe59935c6f1dc0b1507751a64bb35af1ec31e26b3237eb90c5f6290270fa4c2ed
SERVER_HANDSHAKE_TRAFFIC_SECRET 9efe5db5caf0d5d2d955d4789e660b6e5493b56dd7d1bfa2549f79bc7269905b 114ab8f0b9d71ee07a0335b610bd54a2aadba4bcf61dcb0e33d19a67b531a42a1ac7f9a6c4390eb973fc8fe58f8c28a8
EXPORTER_SECRET 9efe5db5caf0d5d2d955d4789e660b6e5493b56dd7d1bfa2549f79bc7269905b 564ec19d5ac1eee6ff609f074c31018c1f9fd38d728051e2d14f0a829c9a31a08efaa8736b17b3f071b1fe8df774d053
SERVER_TRAFFIC_SECRET_0 9efe5db5caf0d5d2d955d4789e660b6e5493b56dd7d1bfa2549f79bc7269905b 8e7d17bb77793b1f2eab88ad2097c8ca5cc346459f62f3445918d68defe72cbbb7c2665010bb6885c626c16450f8cc7a
CLIENT_HANDSHAKE_TRAFFIC_SECRET 9efe5db5caf0d5d2d955d4789e660b6e5493b56dd7d1bfa2549f79bc7269905b 391947641bee7eb763ed20ba30a286fabdfeb91ce8519e868323637afb67b7625820c7ae92ea2c4a74a67c4e5888f6d3
CLIENT_TRAFFIC_SECRET_0 9efe5db5caf0d5d2d955d4789e660b6e5493b56dd7d1bfa2549f79bc7269905b 47f548b3a64e4113489c45caf264d51006af1e25c35c9eff7f6f24f75956a70baf3b8cf5b6ab40bbeadf9bd11adfb09f
SERVER_HANDSHAKE_TRAFFIC_SECRET 9e0a6ce355ad7166865f9249173813db0545d8590c34f59fbffaccfa26d90b94 b841a9ced533dfdb450502e862931215d9a328c71ccdab67306c7500a018a9969a573862292d611e4a805bba4bc997d3
EXPORTER_SECRET 9e0a6ce355ad7166865f9249173813db0545d8590c34f59fbffaccfa26d90b94 10e58e9156dc9db631ec5fd4c88b25250aa2d542eb5812a0e7b20c0b841f708ba48019f90f79d0c1439ffdcca4866686
SERVER_TRAFFIC_SECRET_0 9e0a6ce355ad7166865f9249173813db0545d8590c34f59fbffaccfa26d90b94 f42a7c4553337c10158095eab6c9f5ef96662477aea67dfdd770cdbfd50b60dfab05c8e2a719da2d8ea7890ca47633e9
CLIENT_HANDSHAKE_TRAFFIC_SECRET 9e0a6ce355ad7166865f9249173813db0545d8590c34f59fbffaccfa26d90b94 89ad9900fded8ab9035a449c2c600c5d21bea7977dc940b203a5d6fd6f023b0a96c548f54310d645b3576c6aad208d13
CLIENT_TRAFFIC_SECRET_0 9e0a6ce355ad7166865f9249173813db0545d8590c34f59fbffaccfa26d90b94 883fbc784ae2b6665d36d38904dcdb77125fee5bb47f15bcfa2e4a1e48f224bf2ddec4f0a68be77fd01e217eb0f7fb10
SERVER_HANDSHAKE_TRAFFIC_SECRET 4896cf2a7dae935bd4274d902105431fe940f6cde566e54c232292af1254aee3 95245931323cb9400f5466d2df7edc2b2251fb1b9a7b474e9d549273df3bff8310bc28083ba978062f8fa49d3d73fc2d
EXPORTER_SECRET 4896cf2a7dae935bd4274d902105431fe940f6cde566e54c232292af1254aee3 d1defb0fffa26c145876717c773e82ab762065dc1fc8584539787339f7fcbe135580af05084b76347994095dba25805c
SERVER_TRAFFIC_SECRET_0 4896cf2a7dae935bd4274d902105431fe940f6cde566e54c232292af1254aee3 225d4e78e0c552a48e55d8704aa827383e9e1495045c52aa028cd8e71568f36a550a117072c072955075482c1dff0865
CLIENT_HANDSHAKE_TRAFFIC_SECRET 4896cf2a7dae935bd4274d902105431fe940f6cde566e54c232292af1254aee3 2eb8ad9806fceeb49056912db188561eec0b43f230d6254eb0ca3cd2ee735f399ce042ba46f1c120938cf48ac2fb13c0
CLIENT_TRAFFIC_SECRET_0 4896cf2a7dae935bd4274d902105431fe940f6cde566e54c232292af1254aee3 1a297ba844ba43b069c224089b495bf281ae8e98ac260ffb6ce4d3a622e3aaaa1a6ab9f8e727d049121a0f3776d7ba25
SERVER_HANDSHAKE_TRAFFIC_SECRET f34cc07cf741b9ed3d11c6a0bdadccf4813734065a68d0f4e11a0b9db727e845 6a7f7118687910d46a3576f7949c9f2ea01395248c02b8cfddd8ab70ea3519105e85eb10c589b20752cb9e5648543c32
EXPORTER_SECRET f34cc07cf741b9ed3d11c6a0bdadccf4813734065a68d0f4e11a0b9db727e845 d78db37f7f7f2a52682a1c3d933a8a0cba36ed1bd95e9eb140fb23d3cf8d53de3b926402b70de2bf69a4c90a7c3fc1cc
SERVER_TRAFFIC_SECRET_0 f34cc07cf741b9ed3d11c6a0bdadccf4813734065a68d0f4e11a0b9db727e845 196027a7e576211fe169b926548e256a795799de8fa44205f9cc32c665a40f05ccc6120facae9e7affafa156fb3aed35
CLIENT_HANDSHAKE_TRAFFIC_SECRET f34cc07cf741b9ed3d11c6a0bdadccf4813734065a68d0f4e11a0b9db727e845 1278b6d3c4c1b4a604afb2d9ad574700e62a2dc1ef3c7440a4613fa35211460829baec2e2c31c8cb2393602cac2c1437
CLIENT_TRAFFIC_SECRET_0 f34cc07cf741b9ed3d11c6a0bdadccf4813734065a68d0f4e11a0b9db727e845 86ed7833400ae0ad37fc9be139b0a16a717756e2bae0412febc4d418bd306a8a231702c361843f9a7b81c73b8d965f26
SERVER_HANDSHAKE_TRAFFIC_SECRET 5c5d32b465edb2516b6f3da36881f5f62f04b6a1e275da0794db14ee4faf4c72 808bf9ed4371b17c3f13f5450516a2feb28c7b88a870eb4f4199b6c8bbfa713994a125ed674271f3fca6a747bcc9d33b
EXPORTER_SECRET 5c5d32b465edb2516b6f3da36881f5f62f04b6a1e275da0794db14ee4faf4c72 b3433b4a80a33758a882e2978d936de9954758da37b08e896200ebec6f7cd7d6508195a7666394b5f72f5dc701a39af0
SERVER_TRAFFIC_SECRET_0 5c5d32b465edb2516b6f3da36881f5f62f04b6a1e275da0794db14ee4faf4c72 fbb6cb27fa8303813926e3bab08630d446e109b990388e286eb86a1a72b3b5c0c58ef669d9b37b8edbc0565d2d57a0ef
CLIENT_HANDSHAKE_TRAFFIC_SECRET 5c5d32b465edb2516b6f3da36881f5f62f04b6a1e275da0794db14ee4faf4c72 c6c936e4d4113700497f32a9880787add607f391050d7fd970cfc9a3e595ad870bed6973604e1f2b2876950dbd5ba02a
CLIENT_TRAFFIC_SECRET_0 5c5d32b465edb2516b6f3da36881f5f62f04b6a1e275da0794db14ee4faf4c72 8fef8102b74f6692088af55ee487b7bad54b43f48cbfd763174d072312b5926bde9afb276ba57c634961d96748292f40
SERVER_HANDSHAKE_TRAFFIC_SECRET bda5f7cfb18587a5981fbf575c9d1b8fc74bae2a00bf6b3eb800168737627160 91f0e8e342247b85e21e674b13d6deb23b90e59465b319c3ff35cc577a33e31884b5990b37bba230b70e83c15dcaad5d
EXPORTER_SECRET bda5f7cfb18587a5981fbf575c9d1b8fc74bae2a00bf6b3eb800168737627160 04bf4d5eac503f7ca16ba0999882ee9a1e88acf9e28ef6030acf05377bb0debcc2e0a11a704b2596841eeb5091afb378
SERVER_TRAFFIC_SECRET_0 bda5f7cfb18587a5981fbf575c9d1b8fc74bae2a00bf6b3eb800168737627160 516d94db45dd7c7e8639ffb386d90de4b3339e1fd0aede09070c6b9787558a40853638ca08f15b2032ba6366f82b1592
CLIENT_HANDSHAKE_TRAFFIC_SECRET bda5f7cfb18587a5981fbf575c9d1b8fc74bae2a00bf6b3eb800168737627160 d74a8598632b41513517da86555eddc4163b9f2bb4d50ec5522ff2a38be65ebfd1fc463eb2f55c350a7a85f6cd5c7fa3
CLIENT_TRAFFIC_SECRET_0 bda5f7cfb18587a5981fbf575c9d1b8fc74bae2a00bf6b3eb800168737627160 3d11e33f589038cec1d4a15b878043ebd13b55fd4460e22fe753ef7b360e7f5e4a190b18b1095e2b3c312b0b1c1ee231
SERVER_HANDSHAKE_TRAFFIC_SECRET bbf8f98d8db2a2e954fe7ba4f4b0176165c3b4bc416fa6eb3c48a7ce9f0abc89 e4c6bb0bb2f51ba773cab8a51ba93bf4bd68f330984a17ed8f2d4f05af38c98486bc18ee5d0d7fe68fa2009620d904f3
EXPORTER_SECRET bbf8f98d8db2a2e954fe7ba4f4b0176165c3b4bc416fa6eb3c48a7ce9f0abc89 e849173d1b2cfbfc5e8a0fd4f9c124b34adde0397b215e1c25bedfa65e82d724d69c3acee8d2e5e13b7700568716f847
SERVER_TRAFFIC_SECRET_0 bbf8f98d8db2a2e954fe7ba4f4b0176165c3b4bc416fa6eb3c48a7ce9f0abc89 b80c751c76eafeb2f144e31e2a869081435d53399e51f9b28938789ddbec81433a1b0437f603c7fdb175a763de3e8414
CLIENT_HANDSHAKE_TRAFFIC_SECRET bbf8f98d8db2a2e954fe7ba4f4b0176165c3b4bc416fa6eb3c48a7ce9f0abc89 499f4a347c7b01e02067cfd296cc99d91c179415a51a496e571b6389421a34f68b6d7889f35d0c1b63e96498185e43af
CLIENT_TRAFFIC_SECRET_0 bbf8f98d8db2a2e954fe7ba4f4b0176165c3b4bc416fa6eb3c48a7ce9f0abc89 6190af124de1d540f61a1cda0c00dacf7c652ff5ea4726a83f50e382e8ebda354b6f2d16b0fd26cffe71df0891db1fd5
SERVER_HANDSHAKE_TRAFFIC_SECRET 37a3540ac08c84afca53fc7585a64cf66deaaaadeb12d8710d714fd290c21305 cdb34617020117a8a73edb43f672a1eeb48ec47f82be4b905da449854cb3bd68d6724b708e9a56d462ff2449e51a6c34
EXPORTER_SECRET 37a3540ac08c84afca53fc7585a64cf66deaaaadeb12d8710d714fd290c21305 181b1e51252ed3544e87993972e140a85afe58bfc9a44e7588909ba3f6a01af08935bc95c3472815c48aa1826e6b3939
SERVER_TRAFFIC_SECRET_0 37a3540ac08c84afca53fc7585a64cf66deaaaadeb12d8710d714fd290c21305 9bbbf9eece481dec41fe1f5d53eb0f81ad22254d8a42508add81ef769d07007292f70c9040d856553a8cc3db224e00ee
CLIENT_HANDSHAKE_TRAFFIC_SECRET 37a3540ac08c84afca53fc7585a64cf66deaaaadeb12d8710d714fd290c21305 21326d60dde8a380276f481e5e4aa67019c294ca87f8aaccde0bfa746b154a24204b973a4996dc8e08b9d6cb96a4f882
CLIENT_TRAFFIC_SECRET_0 37a3540ac08c84afca53fc7585a64cf66deaaaadeb12d8710d714fd290c21305 d6d47d9cbb36a8511acf1cbcaf7b5e502b3b6166c95d277c7d381995e36f45179bd6e6958d8adb4a9e170aa0fe5cbe18
SERVER_HANDSHAKE_TRAFFIC_SECRET 91a6de80348746ecd06dec58728fde5d7834f35a7f6e2f29d60845d060d2abe5 8c8c9eef338deeadb71a872077d5f73e9d0b986d8cd96045feb5f3a0d8352aaa6cdb447721449570eb4e6066064cfe7a
EXPORTER_SECRET 91a6de80348746ecd06dec58728fde5d7834f35a7f6e2f29d60845d060d2abe5 d92dcfe3af422c75c6a0463c69fec5301ba1f15288ddc47c5e3fe71ecbeb0ab46d9b5dac649a28a5dee636802471b4b4
SERVER_TRAFFIC_SECRET_0 91a6de80348746ecd06dec58728fde5d7834f35a7f6e2f29d60845d060d2abe5 1542add7a58449367f7679e1f3c31a1c16117b21b11de1fe1c90fc892469a6d80375da41866991bed9d5d23f2cdaacd2
CLIENT_HANDSHAKE_TRAFFIC_SECRET 91a6de80348746ecd06dec58728fde5d7834f35a7f6e2f29d60845d060d2abe5 611502f7a4fb4732ee9bb8269ccc265cc0b450375271cb99e2ffab25ec5d40188655fc9f0fdd56dd80c9dfdd8f897a93
CLIENT_TRAFFIC_SECRET_0 91a6de80348746ecd06dec58728fde5d7834f35a7f6e2f29d60845d060d2abe5 49e33268eb8d85d203907cd6682b13d2021d43d292bfae343eb1778a1ba55341e9b39e04b0b728201341bed39a806cd5
SERVER_HANDSHAKE_TRAFFIC_SECRET 93d672b819dce88ccfa632a50aac293e2c14e5169d6e1f80ec19df14fc8f204e 1611bd045d24de1471ad0d687371fea5b391db91548b498c63bf578da016fd6429532fbaeed6156d6775b8374c5f8140
EXPORTER_SECRET 93d672b819dce88ccfa632a50aac293e2c14e5169d6e1f80ec19df14fc8f204e 09dfed41a917e68c73ce3c2d42d6d099452cfe4a893ee0797c5f298df76ead0d0a9647d28f2a53496cc9ae62f2b1e952
SERVER_TRAFFIC_SECRET_0 93d672b819dce88ccfa632a50aac293e2c14e5169d6e1f80ec19df14fc8f204e ede5930713897f64cc84ed3265c819d8b19bae18006410727ba7de893f190fe8fb4c39f3f0b1f748a6dc993320d1752d
CLIENT_HANDSHAKE_TRAFFIC_SECRET 93d672b819dce88ccfa632a50aac293e2c14e5169d6e1f80ec19df14fc8f204e 367fb289b8efadf76903c05f19ea8a6daddb593a6cf9d9d86115084f02d58d230a7917eb06a886d124300d4d7017d9f1
CLIENT_TRAFFIC_SECRET_0 93d672b819dce88ccfa632a50aac293e2c14e5169d6e1f80ec19df14fc8f204e 6ae92ba03649f3960c8e7efad86f10f27cf3af5d418426683d35d10cb73709f9906bc27ed464ed4724edc7b395a0f3c4
SERVER_HANDSHAKE_TRAFFIC_SECRET 9f61433658a3da861a38cf586e8637f1e1e66726b5e554296e12506b92594b5d f147717f434f554867ccc836d5787301630a13e46ce2d162fc7fcc6a526fe69ccef64dd182cf41b838ca6291f887ba77
EXPORTER_SECRET 9f61433658a3da861a38cf586e8637f1e1e66726b5e554296e12506b92594b5d c59b91570a724ab931b305b43a8b1d0172736d4c7eb0845cc8fbab11e1461fa54a285b04ee4c8b97753fb946d645803d
SERVER_TRAFFIC_SECRET_0 9f61433658a3da861a38cf586e8637f1e1e66726b5e554296e12506b92594b5d a7e2e43424ac6bb519fc7ca46aa6338cf8cd1fcb5cfcb10284940f7a4e529650a2a54191f601d4ab6216871bbdc0266a
CLIENT_HANDSHAKE_TRAFFIC_SECRET 9f61433658a3da861a38cf586e8637f1e1e66726b5e554296e12506b92594b5d ddf33e9e6ce54a7183ec98105a96e8cc51b790005913964a022f698622af4b0351a0a68d91aa300b30fa2a4f44be9b11
CLIENT_TRAFFIC_SECRET_0 9f61433658a3da861a38cf586e8637f1e1e66726b5e554296e12506b92594b5d 6868eb66a43fe4e3deeaf63c897ceee1d215f91234c129f18bec83b39d7e4b9879e0e7b02097f0c166d13972261b9feb
SERVER_HANDSHAKE_TRAFFIC_SECRET 0a79920ee961d531c778d652cfd2be0b053d6242402f663429435aaf1b50806a 2e0073fac53a8d73b1a302fbeafb1bd82f4c8f9b26cac65a7fe698f5340227791b7f21c8c9b49fb05eefbf454d37f041
EXPORTER_SECRET 0a79920ee961d531c778d652cfd2be0b053d6242402f663429435aaf1b50806a 4df727442b0a5375845aa488a07d117281b5c748619f7a4de882698d94676cc5e86d73351756a10bdf78458b42cbe454
SERVER_TRAFFIC_SECRET_0 0a79920ee961d531c778d652cfd2be0b053d6242402f663429435aaf1b50806a 608e663c5f1ed5009d9ae31b8cbb7b14a2ea6b93609a98f04d9777ed0f6716c8e29acd2cb4d4d0f908b1c139cbf36eb8
CLIENT_HANDSHAKE_TRAFFIC_SECRET 0a79920ee961d531c778d652cfd2be0b053d6242402f663429435aaf1b50806a fcdbf3a68aa44fe5cba82e8e874665697873b66efb5066b7274556201eb8c5a2a6dd1f7592e4e3a2293b78b6aabbd5b8
CLIENT_TRAFFIC_SECRET_0 0a79920ee961d531c778d652cfd2be0b053d6242402f663429435aaf1b50806a 8fc06a085d3604c20c9d9ce829e3117aa10efbd195f01bce76f23ee5b2b7ed81ded7cd96db457a8155859c893dc247c3
SERVER_HANDSHAKE_TRAFFIC_SECRET 8a833c57494d6ffe65de8404c9ba95c07817d216d8b3ac8fdf5769c6420a69ac 4f7f71138ab9a71322801fc0307748fd739c1ed7948cfbefbc25ed6599f71d02dabea869ca28b8ff4414d01587b0dd54
EXPORTER_SECRET 8a833c57494d6ffe65de8404c9ba95c07817d216d8b3ac8fdf5769c6420a69ac 2794338ebf7f55492e4c670b314162c6a01023116053c9fbab6bb56ebcc4db0b96c2782a76e65076ad2ff77973315200
SERVER_TRAFFIC_SECRET_0 8a833c57494d6ffe65de8404c9ba95c07817d216d8b3ac8fdf5769c6420a69ac e20a23488cc552c53b6c0eb05c55d0dfdde76a25eeee0a05d7a7a12d8332d1ef59663c5fcc4ecb115099573d4c659ade
CLIENT_HANDSHAKE_TRAFFIC_SECRET 8a833c57494d6ffe65de8404c9ba95c07817d216d8b3ac8fdf5769c6420a69ac 68f8ae973d2818352421091e634f487b9ade8c0c4baf77214aeef81dc0fcdbd59822102831b30f79d0e1ddec4a4be4a4
CLIENT_TRAFFIC_SECRET_0 8a833c57494d6ffe65de8404c9ba95c07817d216d8b3ac8fdf5769c6420a69ac 321e82f6dae524a7d402d845584f548e3c15fa0838e55cc707625379a66df4c408e5da537c09b5ff89f26fe4bddcf005
SERVER_HANDSHAKE_TRAFFIC_SECRET 64d5ae06271270a516f40e26468a6e9fb8c27ec96cdff2fd5645777fd52ebdc5 ed934a485aa418e4ee334df3ac1ed769535ccd7a06ef14f348b65eaab9938ab1994da6ac8b467b6ad93c3d73d88027ea
EXPORTER_SECRET 64d5ae06271270a516f40e26468a6e9fb8c27ec96cdff2fd5645777fd52ebdc5 f1fdec4572ddc9b821ef031654c5bbb484aec5cfb34f1253c280feaf93c7520139e58189ec0a10be5d412ac6eaa7cd7c
SERVER_TRAFFIC_SECRET_0 64d5ae06271270a516f40e26468a6e9fb8c27ec96cdff2fd5645777fd52ebdc5 f0b90f1ed7d73c8abacc1f6fc4070f8b449cc4f4c24aa912f06cb6d75c136102013e38247135a90055c508bfc3cf38b5
CLIENT_HANDSHAKE_TRAFFIC_SECRET 64d5ae06271270a516f40e26468a6e9fb8c27ec96cdff2fd5645777fd52ebdc5 551740eeb879f155f51637717d767a154317a18656e83f13c2adfdac8130db06aea553aa3ecd4580caa017fcad710f4d
CLIENT_TRAFFIC_SECRET_0 64d5ae06271270a516f40e26468a6e9fb8c27ec96cdff2fd5645777fd52ebdc5 0e749a124078ee27c2d361de04817164e5f17b4a8d375d8a3156003a710bc8b2888f8bf4645e676b51d4c1203d5db6bd
SERVER_HANDSHAKE_TRAFFIC_SECRET 6ea6f0f24f09ba2c2d1f14a6ad8257ee519d7402238a651f6e5c68aaf2a2c0bc 700fe9df8d96567967a9760435dab06d4a808db877148c8369f490720f5fa805a31833b7128b8e8df12b77be85f644c2
EXPORTER_SECRET 6ea6f0f24f09ba2c2d1f14a6ad8257ee519d7402238a651f6e5c68aaf2a2c0bc d857190c8ee84c60b77ac9ca5542d70ef7857f9e7635173f17a97fef882af966096f0b622fbc96b3f01fe22e5673b17f
SERVER_TRAFFIC_SECRET_0 6ea6f0f24f09ba2c2d1f14a6ad8257ee519d7402238a651f6e5c68aaf2a2c0bc a11c32e06645696e903ae4aff1675bcd240f7096793d51ca89d777991da4ed3156cfd0525f00fe85d9c2d71d90ccf252
CLIENT_HANDSHAKE_TRAFFIC_SECRET 6ea6f0f24f09ba2c2d1f14a6ad8257ee519d7402238a651f6e5c68aaf2a2c0bc 60d1997b8127ae7ce2b49d986df70c94a5ba02241436551a9e7700b33b80e7cc7c0c7f80febcbab7e798184680ef94a0
CLIENT_TRAFFIC_SECRET_0 6ea6f0f24f09ba2c2d1f14a6ad8257ee519d7402238a651f6e5c68aaf2a2c0bc b90af9c93ed50b102fcfd0edda639e6fd9e532468992eaaa7e0251ab780ec8fd3a6894cd9e10b3a94f69a6676e6783d6
SERVER_HANDSHAKE_TRAFFIC_SECRET 034f60ef9a66082115e79210fe760c317aa8eca8477804caeb3fb524b3d85c29 f6b23dc04702933e6abc365420f4018bbcde5f290d40bc654bc1aea9ea9f22fe5f583973a6d1211c88bfb5e827a68338
EXPORTER_SECRET 034f60ef9a66082115e79210fe760c317aa8eca8477804caeb3fb524b3d85c29 730acdb573138206021c3055e5c7a35bbb5577bf529504d3b87f590d154069a0058127d404e6431f59dadb8b63dec8a3
SERVER_TRAFFIC_SECRET_0 034f60ef9a66082115e79210fe760c317aa8eca8477804caeb3fb524b3d85c29 817b1bd5516dc1ccac8a5b76c7874fae2bb46d8c5ca1b40965d3c31084cde93c78183a966f5a5ce319347713ace7028a
CLIENT_HANDSHAKE_TRAFFIC_SECRET 034f60ef9a66082115e79210fe760c317aa8eca8477804caeb3fb524b3d85c29 b8348d8e7ff17a86bedf93f79209be9f2cdbcc9b26e75add0ec08b583ba5c83f08433dc34584c959b0f81ed17023be44
CLIENT_TRAFFIC_SECRET_0 034f60ef9a66082115e79210fe760c317aa8eca8477804caeb3fb524b3d85c29 3ebebf4bf02ab00c3ece11ea195da2b397ac9f602b4fec15a649b2b12bc3a945eb239489373e26e717c042d0887d02c1
SERVER_HANDSHAKE_TRAFFIC_SECRET 2af39feebc42fc4fca9a8104bddbd7ea313010ca45f384e56fa7da7c068ef14b a895b6ca1dd9b1ef7c7ddc5dfe1adcb8d9392d768b3baf6a2075f2a21d6ea74256f100e99356bf08ff404de75d7fdfbd
EXPORTER_SECRET 2af39feebc42fc4fca9a8104bddbd7ea313010ca45f384e56fa7da7c068ef14b 43c4783572f963eeaf186bb6e79d43f7dad1dc116ce2ba4d72b676677057b4c8be3a0e87e34625181f1e762e14eb1323
SERVER_TRAFFIC_SECRET_0 2af39feebc42fc4fca9a8104bddbd7ea313010ca45f384e56fa7da7c068ef14b 60c1940555178454c946c44fad77a6d1ea7d47b8aae6d2f8ac27e3351e25978544e94ca12ded0a4c933be2db49557c44
CLIENT_HANDSHAKE_TRAFFIC_SECRET 2af39feebc42fc4fca9a8104bddbd7ea313010ca45f384e56fa7da7c068ef14b 40ca30bece8a2c6970f3cdc4c434ea3be823f018a196728c0bd20c044b6fe1981f48c3ca41386f9d4eccf70c463b0c60
CLIENT_TRAFFIC_SECRET_0 2af39feebc42fc4fca9a8104bddbd7ea313010ca45f384e56fa7da7c068ef14b 90a1ca264da619b94d87cc49dc9cc9627f42776ad6bb310d57701e30c543800874f99953af33134c2824be7ff56f8d7e
SERVER_HANDSHAKE_TRAFFIC_SECRET 761ee1cb632e423afb1a89c9f124a8195a53cf49c851ee6f5668327de31dc6d7 cfc62edb43fab724109baff3c3568a172e0eac01aa7cb0fff50d7b11b5a07dead4a82e224eb9fbce3511a2442d21df86
EXPORTER_SECRET 761ee1cb632e423afb1a89c9f124a8195a53cf49c851ee6f5668327de31dc6d7 4cecc820687239c21db60428343ca14d91901dc39bf57c2cc45b081abf6f40c318f4a55c0e2afb5641da45041e365646
SERVER_TRAFFIC_SECRET_0 761ee1cb632e423afb1a89c9f124a8195a53cf49c851ee6f5668327de31dc6d7 432bf0bc34679e6e5b135ca599ddef5029d2853a1aee47d53673d2b29ebc2c40891516a8165192fdf863e14a1d2124ab
CLIENT_HANDSHAKE_TRAFFIC_SECRET 761ee1cb632e423afb1a89c9f124a8195a53cf49c851ee6f5668327de31dc6d7 b354c5c36a315b56a4fc064223c8396ea97c859c64f0539762c362b0d76ab4b1c7ccd0ace465ba4c9aeb453181eb3efd
CLIENT_TRAFFIC_SECRET_0 761ee1cb632e423afb1a89c9f124a8195a53cf49c851ee6f5668327de31dc6d7 860036425f086c2bbbe9c95b09cbbc2de7e6aacecdf6d9738b0eade087d7f0704c8390f25910e57a6a421de0e47da1f5
SERVER_HANDSHAKE_TRAFFIC_SECRET 0d78bb879e15ff0ecbb516f2007ee493f2876c2d38e65c50db663ccd7e6712f4 6dea64977f4e295b99794f130d1eb78adc5b2ac4cc5a79d2d098f87f7d84b4281ae826c8d25e22a14f260bb6296933b5
EXPORTER_SECRET 0d78bb879e15ff0ecbb516f2007ee493f2876c2d38e65c50db663ccd7e6712f4 27deb0abed7caa3b13241274c6dc07f18be71f8bf271b6e34b35638fbd3da150310d7c18a240d12ff8619b133c953280
SERVER_TRAFFIC_SECRET_0 0d78bb879e15ff0ecbb516f2007ee493f2876c2d38e65c50db663ccd7e6712f4 a3a7a75b4bcee9ef336c5de7e966fec9df6dcb83bf07a2a7ef5e98b9d77bdcdf8045879bd4761ff637a0b688997814a9
CLIENT_HANDSHAKE_TRAFFIC_SECRET 0d78bb879e15ff0ecbb516f2007ee493f2876c2d38e65c50db663ccd7e6712f4 c773d8efb72290c3eac6b2ece81fd0bb13dd996485b15f01e67d783443fd9724f2d539ab953e5e8ee23ed8d478df3b86
CLIENT_TRAFFIC_SECRET_0 0d78bb879e15ff0ecbb516f2007ee493f2876c2d38e65c50db663ccd7e6712f4 5c76f3efdd08ad9c43ac03080620d5b6af5a85bf5cb34b573cc43a9f38fb6ad0688f501b841384fe4d0f7560ed94d590
SERVER_HANDSHAKE_TRAFFIC_SECRET 739ba1a3dbc2a69fc2f31062ecaf73f3e668ef287e8f6d0c272b90b53a09680a ab689dca1c83c4b44b6525e703ce67827aabe5eae61abbb51c2d156569cd7eb88be5ba02cb1e117f6b9f62d2cb27e9b6
EXPORTER_SECRET 739ba1a3dbc2a69fc2f31062ecaf73f3e668ef287e8f6d0c272b90b53a09680a 78193609146c1838d17b0efe444846467c6883d44b1447749af9a69d4e112ccda1792f46d46409b31279ca9198e22ba4
SERVER_TRAFFIC_SECRET_0 739ba1a3dbc2a69fc2f31062ecaf73f3e668ef287e8f6d0c272b90b53a09680a 0c083bb2954bd77a13d753a11818c40f776c3a653dc0a9d849a56fc5bc1c17abfa925aa4ed8fdec76a4633619aa81295
CLIENT_HANDSHAKE_TRAFFIC_SECRET 739ba1a3dbc2a69fc2f31062ecaf73f3e668ef287e8f6d0c272b90b53a09680a bdc5e54bd7f1e7381c30d9e2e582f6481eed26c295acf7b32523a302b40a221cce9fb77e6484a3e7c1951b3a53aaf4ff
CLIENT_TRAFFIC_SECRET_0 739ba1a3dbc2a69fc2f31062ecaf73f3e668ef287e8f6d0c272b90b53a09680a bd0a1e3057563800b1878e337f32d2fd0b02b0af23da7c38574b1722f4c531dec39622d06c3830debafad22c582d4403
SERVER_HANDSHAKE_TRAFFIC_SECRET f7c6a36c15404f060e658be2635deb586f6ecb30fc955aa686bcc3395a019679 c1f500150bb2444d68965646e0e8829165f96667f82d8cfe58238aa09f719080d23b9aad58734dd70555e7da2128c453
EXPORTER_SECRET f7c6a36c15404f060e658be2635deb586f6ecb30fc955aa686bcc3395a019679 fe842a3107c49d2304b2d47575e334f0fb3e8c48384492b55ce0629708aa529a6d64191f6bba538e0a9bc7e550c51f93
SERVER_TRAFFIC_SECRET_0 f7c6a36c15404f060e658be2635deb586f6ecb30fc955aa686bcc3395a019679 64669eed4fea1c67fbd87745f3106f728cd786d0745eac0a65b258f20fccd3a37b69752032dd6d554144973fb03ec72d
CLIENT_HANDSHAKE_TRAFFIC_SECRET f7c6a36c15404f060e658be2635deb586f6ecb30fc955aa686bcc3395a019679 2d37374e14dd0ccbef6e8e4d7654ca1ece923629576f4e5dbbabd630874b2d0f9016de194710c9b14b932b9919860c3b
CLIENT_TRAFFIC_SECRET_0 f7c6a36c15404f060e658be2635deb586f6ecb30fc955aa686bcc3395a019679 18927d19369e5bdd9eb93e2dfb72e4a5062421cfef75b5505ac0836cd0a2839c40c030cb52e6a66a159abb6e89410c88
SERVER_HANDSHAKE_TRAFFIC_SECRET 670e4503f06c349e40ef98ee2be704d31cc408683ed0872f73c30fe5a88c6d69 00482063f163a123f1eecb4846f12b96b1bc6f58ae6edc4f51ca51151e569165f37841a47962ce01bbe32e7163deb49b
EXPORTER_SECRET 670e4503f06c349e40ef98ee2be704d31cc408683ed0872f73c30fe5a88c6d69 e16f28b089128f0bea05fce9af0a84eee67a97d7ab9b343c04d3d26d6e8254fde8491b60bedf052c3d3f61731a411f36
SERVER_TRAFFIC_SECRET_0 670e4503f06c349e40ef98ee2be704d31cc408683ed0872f73c30fe5a88c6d69 73d2a6730cdb83c625b10919052fad4e8f5ab4604a50f3b73ef82eca339466423758c47ebca60c3f80eaf8ef6dae8574
CLIENT_HANDSHAKE_TRAFFIC_SECRET 670e4503f06c349e40ef98ee2be704d31cc408683ed0872f73c30fe5a88c6d69 d69bcb85f0e30280d479ddddbb2cfb57590ef986ada1fd21208e2b8e07c5075c9fa8528a388743705ec12a9988c04a6b
CLIENT_TRAFFIC_SECRET_0 670e4503f06c349e40ef98ee2be704d31cc408683ed0872f73c30fe5a88c6d69 26262573918d124b9931b4028629f505e5f99fbf140e5b6e95169f5fb553c92abd9d397ae7457bd6ef8ae1c5fe286d43
SERVER_HANDSHAKE_TRAFFIC_SECRET 0a8fa638a01b1b2c0098a7076a29bd5ca10d96cef28810b60722841474fb3ced 3e4df0d84862ae2edb1a8881af84d3af5d48cd88e818c6f703b2d67342743afbda6b4060b184d4a2c92229f36cf0a3e8
EXPORTER_SECRET 0a8fa638a01b1b2c0098a7076a29bd5ca10d96cef28810b60722841474fb3ced 5fd364c43f135821c170fc1399ad79769dde77d657400c2b379818e93bb133fefd1117dfe850c44a46fd086d71ac2539
SERVER_TRAFFIC_SECRET_0 0a8fa638a01b1b2c0098a7076a29bd5ca10d96cef28810b60722841474fb3ced 3d6d48de01313c87c6ffa6a63fd03ae5adc72e0e4ca3582f873a2833ea773bb1ef46d61e6845c87759364024d9bdfc0a
CLIENT_HANDSHAKE_TRAFFIC_SECRET 0a8fa638a01b1b2c0098a7076a29bd5ca10d96cef28810b60722841474fb3ced c7f0092526723618654ff4e6590ed77de84971adde32a101f8141caa7c6cab057715d22b9c27410177e9f16f149b0791
CLIENT_TRAFFIC_SECRET_0 0a8fa638a01b1b2c0098a7076a29bd5ca10d96cef28810b60722841474fb3ced 706781ec585af1041526f8dd1a56bcab84af6b159b83374b352511610fb031cf8b8048061c3ef2f4a68c1cba336fd6d0
SERVER_HANDSHAKE_TRAFFIC_SECRET c2cdac512b8d9b3ba655785cacacf58b3912594643d4a568f8b0b64583a18eb4 f5fa44919d295a4098112ae5eaca4a8465cb96d4658ce98aaa06fea0757c84ec2d7f07901d0d1937c2b74fde1b98c3db
EXPORTER_SECRET c2cdac512b8d9b3ba655785cacacf58b3912594643d4a568f8b0b64583a18eb4 882921e204446d7567f6e6d7390605fddf9d3b19d3fb44e8e5996ae1c2a318101674a10fce16e89d102bf21ae5881f85
SERVER_TRAFFIC_SECRET_0 c2cdac512b8d9b3ba655785cacacf58b3912594643d4a568f8b0b64583a18eb4 284f9e26e939e1545c8e790c413aadaf63bb0696f5e0345b780da6f9d24d1226c23008cc4bf18a937c79661543f9560c
CLIENT_HANDSHAKE_TRAFFIC_SECRET c2cdac512b8d9b3ba655785cacacf58b3912594643d4a568f8b0b64583a18eb4 9179ab2ee8231c9d2db6c1bcb3a1c0ee0cb7ba48b5004956283026f872d26838099e86b05fe79de86bdc98daa0ac372d
CLIENT_TRAFFIC_SECRET_0 c2cdac512b8d9b3ba655785cacacf58b3912594643d4a568f8b0b64583a18eb4 1509ccf3447680aa05f66282235b265c9538772f006de22208fefcdbaf4d57db91367b1d122f8e683aba891b4cf11f41
SERVER_HANDSHAKE_TRAFFIC_SECRET 462ad777ca0fc5417c8d556233e51a31819deb43d65d9597d818a90b69574266 474b8553f49df03b6df97df3679024b14eaa19963d7944a8dfbf08d299f3cef2c515a89f96206f5e18d24efad4d29750
EXPORTER_SECRET 462ad777ca0fc5417c8d556233e51a31819deb43d65d9597d818a90b69574266 e2c0e18eb2ce4b574a8c0c4fba0453a2eb36e65e7eb7fe9ebe6fc10960b6d22768861f73942d2b3d4c0b513d4fcf0df0
SERVER_TRAFFIC_SECRET_0 462ad777ca0fc5417c8d556233e51a31819deb43d65d9597d818a90b69574266 23c309809d48cecef02a968bbb25e4aa31345d50bf9c9bb23b1eeee362c9ce080caca26aaac001ba26edd38ededf6dbf
CLIENT_HANDSHAKE_TRAFFIC_SECRET 462ad777ca0fc5417c8d556233e51a31819deb43d65d9597d818a90b69574266 870ace29f98d94e14cd5868ee8347a478a2dc1a263cfd032be74d3a2d866a455e7f830177fec204e4e1ff1f3968c3591
CLIENT_TRAFFIC_SECRET_0 462ad777ca0fc5417c8d556233e51a31819deb43d65d9597d818a90b69574266 6e62428ec8737446812d6b3157c6c42d59440da0d1f23f812ad6f57b73efea231861a5a40247154fa6e761e5c9bdcc26
SERVER_HANDSHAKE_TRAFFIC_SECRET d258a67aaf3957dc560e6ab9fe17b9eee5e1ef6ce4e9a7d887fcfce653b89a02 ecdd3f142748a7763a3897cd70e3945129973d375ff3b14778159cc10738653731f5a17c8d12e8b799dda92cf3926eb4
EXPORTER_SECRET d258a67aaf3957dc560e6ab9fe17b9eee5e1ef6ce4e9a7d887fcfce653b89a02 b310280a49d3aff0ba9f8984814358230872ee2ae5594072357b1c477b6865270c7a51bf49d36c98e535e5c75ed899a8
SERVER_TRAFFIC_SECRET_0 d258a67aaf3957dc560e6ab9fe17b9eee5e1ef6ce4e9a7d887fcfce653b89a02 8727d23bc7e1b30621ae1a6638b0d1cb0978cc516347ff8188c087e91ff725834b5fcbd293ef7c2bf8e92d253a4dd057
CLIENT_HANDSHAKE_TRAFFIC_SECRET d258a67aaf3957dc560e6ab9fe17b9eee5e1ef6ce4e9a7d887fcfce653b89a02 edb49f525740e7d210fed6a59c6215e19870a7f26ed7fc5fbf73feddf2cce1dd2001bca693a9b9e09f60848ed21600b2
CLIENT_TRAFFIC_SECRET_0 d258a67aaf3957dc560e6ab9fe17b9eee5e1ef6ce4e9a7d887fcfce653b89a02 b8c6b21f80c3e249144e789ec8f7d8140522f3fe11b5b2fba8cedc2979e4f644ebe5f026279232977cf77e5cbbb49fa4
SERVER_HANDSHAKE_TRAFFIC_SECRET 2bba0f77ecee0b60d6750f698e7c4fd997f35fb3126e7d3c35373cb0045142d2 08fd38ccf0b1b6c74e8540870fde7f55e816b650b9c59cfd4c9009e67ca1dd6b7777bd739d516fb6ed48622cfa6b83b4
EXPORTER_SECRET 2bba0f77ecee0b60d6750f698e7c4fd997f35fb3126e7d3c35373cb0045142d2 040db13890d5c0f32f94fe180715f352c4c55f3a1fc2a7969f39a6d107f8530d122a92bba80cbe57ec9806d334024c8b
SERVER_TRAFFIC_SECRET_0 2bba0f77ecee0b60d6750f698e7c4fd997f35fb3126e7d3c35373cb0045142d2 e9c1ae1063a4528d63b81e34019e9d8a5ffed22474e556846be0e41e2da157caacb2e6115049dcea40ca20b63d27697e
CLIENT_HANDSHAKE_TRAFFIC_SECRET 2bba0f77ecee0b60d6750f698e7c4fd997f35fb3126e7d3c35373cb0045142d2 32dbd3658aeb0d185fcea4550b86a0321d085802c0ba10f9a2ef1cba2da907a90798af933240e55b1dbb8db3affc62bb
CLIENT_TRAFFIC_SECRET_0 2bba0f77ecee0b60d6750f698e7c4fd997f35fb3126e7d3c35373cb0045142d2 24e1460514c5a19271be2c8d4cb1ea72078c8aa5deb4f7b2162d366ea1a9701c51745d3bc40f210dcd19bc4affc642c4
SERVER_HANDSHAKE_TRAFFIC_SECRET fc25de0406889601b7826a74b9df14073c5d944241762e439561c19c0e66e920 1f78134847dd89a40ca8a82281d914bb54f1a05202b8ac2361df235f50a0f6e9fc8c77ba9f41af27538eee26c32100f4
EXPORTER_SECRET fc25de0406889601b7826a74b9df14073c5d944241762e439561c19c0e66e920 6eef78ca22410b071e0a7f05ee47eccdfee0164ff57e09b5d65d639e37efc72f9d360be0853a3ecbbebb149e88ba0d40
SERVER_TRAFFIC_SECRET_0 fc25de0406889601b7826a74b9df14073c5d944241762e439561c19c0e66e920 3124420ab3d5c37c226affe5bb4d41e4f5052f771a18dec77c828b4c8d13074d32b9f472a960638d8e61796278ac9a7e
CLIENT_HANDSHAKE_TRAFFIC_SECRET fc25de0406889601b7826a74b9df14073c5d944241762e439561c19c0e66e920 c5ad2f2848cbebcc04ef055caf625acb8903f96050773338a0f48f0cabc8838f51ef7024345780557647efc89252090e
CLIENT_TRAFFIC_SECRET_0 fc25de0406889601b7826a74b9df14073c5d944241762e439561c19c0e66e920 83b1126e9ac155c30499e48baf625e8b210cb64a1e62842db0a7136b97081826ca38a1d9dd517abe9ba9dad84e13cb99
SERVER_HANDSHAKE_TRAFFIC_SECRET 7f625e855c1da1fe85184393043639cd83c23e558f0dd538a64f631606354eb9 db507fe5ffa3e392d061c0ec1fa486635475273957137da832ea04990ddc0305ee05d2c5032cd10fc542021fb737b749
EXPORTER_SECRET 7f625e855c1da1fe85184393043639cd83c23e558f0dd538a64f631606354eb9 8f68105b606b960b8514b73e0466508c75976969b755bb59ca121de3da05ce678b0de9baca2ccd1c4b8f79568b9f22fa
SERVER_TRAFFIC_SECRET_0 7f625e855c1da1fe85184393043639cd83c23e558f0dd538a64f631606354eb9 7a9fec8b23261ff6eebf1e07961cdf18bffca67c9f4cbf2eb9d8103c3f922845b5bc6159db1018a2d646bb1ca220d9fa
CLIENT_HANDSHAKE_TRAFFIC_SECRET 7f625e855c1da1fe85184393043639cd83c23e558f0dd538a64f631606354eb9 95ac8ba7c06462ec0e2476cbf8a3e0414e37486eb55f0695a67528d2eedc59581ef7304975eacee76871cf125a63a677
CLIENT_TRAFFIC_SECRET_0 7f625e855c1da1fe85184393043639cd83c23e558f0dd538a64f631606354eb9 c8df1ddf1b2c57c34803ada1738d032efb552cf8bd39f60481fc989b3c7a8764e7c28618f41bdd03002dbca2f0eb52d7
SERVER_HANDSHAKE_TRAFFIC_SECRET 6ce931c1bdc8d175d61b5e95c40316f33d9293a05018e4d9abf1b57c8116c5bd ca3d14bc7e1b2b9762aa50b92b53404375bf5ee3fbfb8323596fd2e98b3f2858be40d73c0bc2bd346813aed16829c769
EXPORTER_SECRET 6ce931c1bdc8d175d61b5e95c40316f33d9293a05018e4d9abf1b57c8116c5bd 3de686e9945dbfa5a1681f19d13dce74c6031a5a35a70a31f3c916661e4cb2e1b4793da683da911873817425cc2dbc99
SERVER_TRAFFIC_SECRET_0 6ce931c1bdc8d175d61b5e95c40316f33d9293a05018e4d9abf1b57c8116c5bd 0d6f7493a31d773d0354179581d5dbac88d9cd663521317d9d3d613e5fda3470750f2a85e333e1867dd921d4539da43f
CLIENT_HANDSHAKE_TRAFFIC_SECRET 6ce931c1bdc8d175d61b5e95c40316f33d9293a05018e4d9abf1b57c8116c5bd 6fb090bc9b25c50f24b6ec5ae7d191ba0f8191e68f9644d8e572e8a86896e974438c6d608d52af7d673b6331820ac140
CLIENT_TRAFFIC_SECRET_0 6ce931c1bdc8d175d61b5e95c40316f33d9293a05018e4d9abf1b57c8116c5bd 8c5fa16602a8fbb64dfcd1b4fb00c3e2506d259c3a7992c354cb84c7c36994808ba3a5869e55a616c63e097d4a73d078
SERVER_HANDSHAKE_TRAFFIC_SECRET dc10fd9346f794a919a5679685c608741ff39b1b576ef806bb71a25ebb95c998 245f79aa2ea67c40534b17d7a6fe7c88a377384d24a2bf2db243c8dc0d519772472500f7f7253a88013d37aa1f314ceb
EXPORTER_SECRET dc10fd9346f794a919a5679685c608741ff39b1b576ef806bb71a25ebb95c998 cdeaba550ad9a6e56fe750bb2bc8e7fc26b51393f10725a0fc27f98a60f8ffdc66e3c4d909667cc8b454da14c078c28c
SERVER_TRAFFIC_SECRET_0 dc10fd9346f794a919a5679685c608741ff39b1b576ef806bb71a25ebb95c998 0e7420e9fa91105cb81286f1de9a80c701f8884c3f181f6b72404448888cd1dd959caf7f1036a7058d80559c31e31c6e
CLIENT_HANDSHAKE_TRAFFIC_SECRET dc10fd9346f794a919a5679685c608741ff39b1b576ef806bb71a25ebb95c998 3a3a41ce250212b5440959ad1fcdd02be5e3202e6e8f1a6938d0ce319bf12a7ea0128d336174395f69b94ca00f8fcea6
CLIENT_TRAFFIC_SECRET_0 dc10fd9346f794a919a5679685c608741ff39b1b576ef806bb71a25ebb95c998 a4fe17240afb7ef5e15e31cb82d4bb2a11ba38316d25488b78cc4e8b0d45440276d42023f9e21ec232b39877390f33c9
SERVER_HANDSHAKE_TRAFFIC_SECRET 6e02a4b28bb14e9481695cd7ec2799e139c4b7cc9f080b038fd2aae9d0aa1590 95fbdb3fff4570beb0268738df6717eaab7c47a4097a41af9221efef2303aee1fdbc7516616d460a1c4b27e377ddb306
EXPORTER_SECRET 6e02a4b28bb14e9481695cd7ec2799e139c4b7cc9f080b038fd2aae9d0aa1590 3e66707f97354e0c67add40dd9a785e51ec38a9f923713a9427e6942fef8def53eeb8ad2de9b461f0a666ad3511f968e
SERVER_TRAFFIC_SECRET_0 6e02a4b28bb14e9481695cd7ec2799e139c4b7cc9f080b038fd2aae9d0aa1590 eca5de85b30a5628ed9781157bf337380b0b971c2fad0c651344c24c27ce71a12ac66be24849c9aeb185baf7b9217ca6
CLIENT_HANDSHAKE_TRAFFIC_SECRET 6e02a4b28bb14e9481695cd7ec2799e139c4b7cc9f080b038fd2aae9d0aa1590 8a90448bbb93cffa174aed4f4d33c89ab2112c3c48c2ca1fc05e50563c1a490ee1d1cf03fdf562ac1c5e0aca6281f2c6
CLIENT_TRAFFIC_SECRET_0 6e02a4b28bb14e9481695cd7ec2799e139c4b7cc9f080b038fd2aae9d0aa1590 9006b028b81f0723ce9f75ce8ea3b71ff40e913be43b426d97f9c0a9b551e3b344cb09b9016d1e27ef80e28276951405
SERVER_HANDSHAKE_TRAFFIC_SECRET 10fc6eccb0adfa80a4f37dc0702fcd23a11f50ded707e308e2a7cc3c54d9cca5 109b585d92d9882fb2f810e048055ae07d692265c8d00fbdaaa96a33da1ad13439cd8fd6c82af5e9e2d3ede41e5d1479
EXPORTER_SECRET 10fc6eccb0adfa80a4f37dc0702fcd23a11f50ded707e308e2a7cc3c54d9cca5 42c176644b6cefcf1ed451d22d3b40d5f0fdc66fed4716b66c3f98d87c80b9bf78848f05447d174708aec34ea4428ac9
SERVER_TRAFFIC_SECRET_0 10fc6eccb0adfa80a4f37dc0702fcd23a11f50ded707e308e2a7cc3c54d9cca5 535c3bbf9c58464359903485444872318fd0ede3f88b19d64ac6b776300d78f9373a5cdd92aa4c0a84aa03b7b08dbfb1
CLIENT_HANDSHAKE_TRAFFIC_SECRET 10fc6eccb0adfa80a4f37dc0702fcd23a11f50ded707e308e2a7cc3c54d9cca5 4448dacaa1f67109e208d9b7927f5bb85a38893161696e1aee7893e842664c449bb76c55f80b7763f80935f85885c42a
CLIENT_TRAFFIC_SECRET_0 10fc6eccb0adfa80a4f37dc0702fcd23a11f50ded707e308e2a7cc3c54d9cca5 9f4e584a6066446c1efe82c572bd7e2430d32ebdb4933ca336932659b61725e13e6966c019f0b00701c7a4bd70583cf0
SERVER_HANDSHAKE_TRAFFIC_SECRET d6c105f64dc7c01df01ef2ca1f1993831ffb5d18daea986e537d20f7eb488c69 d870b7f9a003289d00b2d6351c8b036aeaca660247cd872c4786e56e50b86b4cb771efdc443b33ad20dddd23799ab09c
EXPORTER_SECRET d6c105f64dc7c01df01ef2ca1f1993831ffb5d18daea986e537d20f7eb488c69 81694216dabc578bd678aa91859618d10a1ef6e953854166d120f2fc3e57d5153f8998c19646e04676389d7561dd3bea
SERVER_TRAFFIC_SECRET_0 d6c105f64dc7c01df01ef2ca1f1993831ffb5d18daea986e537d20f7eb488c69 4e7d3728426d6feb8d0ce073cf4ab8adbb1113cdf93f5418f754a95fb64da7e737bc413b7dfdd5a15ab99b8188893643
CLIENT_HANDSHAKE_TRAFFIC_SECRET d6c105f64dc7c01df01ef2ca1f1993831ffb5d18daea986e537d20f7eb488c69 eaee1ea66e047cf243256c189ec55ef7e5443a3d0a714206df9cf3aee6b007a45e36b7ac39639bc94624d59fe2d91e5f
CLIENT_TRAFFIC_SECRET_0 d6c105f64dc7c01df01ef2ca1f1993831ffb5d18daea986e537d20f7eb488c69 112a037d49ed1a1bf184cdcce0519b3b9c6f251974cc001b867032ce8e0b3b700a1338e1d662157342762a37a334fe87
SERVER_HANDSHAKE_TRAFFIC_SECRET 9955bb3c230ff872ebf81e65313a7635a01b95de8fcd36c3fb4bdff1e907c9c8 01ef0a46e82d0a0c77d8f57521600df8a4d8d05732badd50792955bcbc4b5c011093b957717052bd75d06e6198b01dd6
EXPORTER_SECRET 9955bb3c230ff872ebf81e65313a7635a01b95de8fcd36c3fb4bdff1e907c9c8 54f243d602aec19bbc011ffbbec75a4d3855b8b163c43bb5e0ffc5d8fb28d00aea578b40f883c6b5fb0902db45b040c0
SERVER_TRAFFIC_SECRET_0 9955bb3c230ff872ebf81e65313a7635a01b95de8fcd36c3fb4bdff1e907c9c8 0616e433c25edc4d5a369ab3fd74ae6093774053220b3acfd21ba3085470a16ad0354d71313ad53fe7c0fd0c217d127d
CLIENT_HANDSHAKE_TRAFFIC_SECRET 9955bb3c230ff872ebf81e65313a7635a01b95de8fcd36c3fb4bdff1e907c9c8 a757bb205b220763792b7c2efa54dca28b07ef490e39ad6ce4296108c8ca498300f6b94fa8cab5ac435275ad31e09513
CLIENT_TRAFFIC_SECRET_0 9955bb3c230ff872ebf81e65313a7635a01b95de8fcd36c3fb4bdff1e907c9c8 c1cb3512dfc04e0f025590ff04576e63b5bcfcc4c44bed43559ec8f3c90129fb754cd07fa45577113f99a790576b63aa
SERVER_HANDSHAKE_TRAFFIC_SECRET b30fc0b53e0b46998c34a561d146314c5ea4f32012037f79846632e8b5f9213e 04a658e070231133d6bec5befdc4220f70816aa06e2adce1455b0b0eda42e143f896ad7a7f442e6ba9c9fa8f3e1c5cee
EXPORTER_SECRET b30fc0b53e0b46998c34a561d146314c5ea4f32012037f79846632e8b5f9213e 3d188400abf44632ac3dae2b5b0cd58d3199aa66b5a4c29b8d9d12b056b209e1f6be22798c0da03de533ac7528674d50
SERVER_TRAFFIC_SECRET_0 b30fc0b53e0b46998c34a561d146314c5ea4f32012037f79846632e8b5f9213e 0418e20e030545d929a327182c2622b7415ea8e4016b7e54e1c5dc9c4fab9d76e9c842e29e6c95dc9f4d8f4a1243790e
CLIENT_HANDSHAKE_TRAFFIC_SECRET b30fc0b53e0b46998c34a561d146314c5ea4f32012037f79846632e8b5f9213e cc817ffd1b03cf68a9359ccc6cc8c463abd633104e87d78a32641cb487a74883d8414fb199af85c8a411faf97129308b
CLIENT_TRAFFIC_SECRET_0 b30fc0b53e0b46998c34a561d146314c5ea4f32012037f79846632e8b5f9213e 6e7d6c29d196b51166c8d3975a9e8f9a5709b636295da9c020a7ce1c3bdee80ba3a761617fa57d3b8413bd39fbb2d6f9
SERVER_HANDSHAKE_TRAFFIC_SECRET e2376554b941426a7842291892a6fc9f913eb50e3afcb4eae359c4b47422a0bd fecf534d30e766885d5b1037e8fb954f2a8ac7f9c34f51a449c0aa1fbf8c0391e809ee2b79c70080c5da1d1168622d8e
EXPORTER_SECRET e2376554b941426a7842291892a6fc9f913eb50e3afcb4eae359c4b47422a0bd 9503aa0c817139bc6315e8f9f15d7127cdb6ea1e783da57cf5a187737e0b7dd0fbe8129863b69f562023c7e7635b813b
SERVER_TRAFFIC_SECRET_0 e2376554b941426a7842291892a6fc9f913eb50e3afcb4eae359c4b47422a0bd 648b2316d8dd931fa835160ff89f4ff57d65166b36ce351b45e96d718ca98fa894c3cc21c9df93f135e841ea57c93c71
CLIENT_HANDSHAKE_TRAFFIC_SECRET e2376554b941426a7842291892a6fc9f913eb50e3afcb4eae359c4b47422a0bd 7391f6876ea089c87d88738e3ac52a3e961ed6a102d58be847d3d2ea0c272858e2b28e51afff7a107f9ad7e3b22d39ef
CLIENT_TRAFFIC_SECRET_0 e2376554b941426a7842291892a6fc9f913eb50e3afcb4eae359c4b47422a0bd 65cc41bd96c25fb85558bbecfb42e8e42a7f3e3f28ee0212b04aa16fe1c1028ff870ac337094381c5a957b1a505bad12
SERVER_HANDSHAKE_TRAFFIC_SECRET 16ab631e24a7b1343e435e5aad040c76b17f085472108b8c81b6aee4bf716e18 10aa672d6d458d7eb06b2fd459a9211ee3434172a4f5c3e0c809e822d885a61f261e2348a8e0f38a41500e691223ccae
EXPORTER_SECRET 16ab631e24a7b1343e435e5aad040c76b17f085472108b8c81b6aee4bf716e18 53b18718b601bc437bdeaa8553b10eeae8d2f6e110031801e5d3c2ee3bc1f76183cee63b0d4f4097163d1baaf16a625a
SERVER_TRAFFIC_SECRET_0 16ab631e24a7b1343e435e5aad040c76b17f085472108b8c81b6aee4bf716e18 50636ad44832dc276dfedeafed66030c47be35a40a33ecd12b6659b8079b108dd21e64e7409409afcdbc9c835b34b9ca
CLIENT_HANDSHAKE_TRAFFIC_SECRET 16ab631e24a7b1343e435e5aad040c76b17f085472108b8c81b6aee4bf716e18 e96e7a81bae8b210d2ee55367cebd4b80d7a1582fe333fcec1e1f806933ddb266777610e6e418ee69e95cbf1d158cb2d
CLIENT_TRAFFIC_SECRET_0 16ab631e24a7b1343e435e5aad040c76b17f085472108b8c81b6aee4bf716e18 5e22adcb5a609f71100d4b850e472d653cd75d457e4869668e00218708bacf19f79aaee3c0f99a77dceecd4f2c933cf2
SERVER_HANDSHAKE_TRAFFIC_SECRET 521ce4dfaa4f8add2a46bef0f7febd3f0f54016dfd7fb3108ee5d4b90e0f9389 0a6c09f6e59f9033919eb6e69756525bf6ddc216ab15b26082150e0c657f964545ebd3e8c978a341d3279edb725eac61
EXPORTER_SECRET 521ce4dfaa4f8add2a46bef0f7febd3f0f54016dfd7fb3108ee5d4b90e0f9389 f39aa62a0ff5e9d003d4a7213d8dcf1fa769037a96f76661c7eda0390027e04c71753d324d52496b15fd0c15680734cf
SERVER_TRAFFIC_SECRET_0 521ce4dfaa4f8add2a46bef0f7febd3f0f54016dfd7fb3108ee5d4b90e0f9389 df04ed03a843688b97b9f30782cb0c979d9cc7c0c12892a309c5e8d435f352458e42dbff26235b52b366c568b25079c0
CLIENT_HANDSHAKE_TRAFFIC_SECRET 521ce4dfaa4f8add2a46bef0f7febd3f0f54016dfd7fb3108ee5d4b90e0f9389 b1eb4e17980aa2df2ffa5e1e3cbbdabce2de34cab5ebc0085b25d7932c7689f966742c30416a71e37c62cafa38de31a6
CLIENT_TRAFFIC_SECRET_0 521ce4dfaa4f8add2a46bef0f7febd3f0f54016dfd7fb3108ee5d4b90e0f9389 842f8114ef100897bc758a094dcf46a02ac193079e775518c2370d2e18af6e98dae2ca1cc07029951f57b624da787600
SERVER_HANDSHAKE_TRAFFIC_SECRET 19f88011034ac2a325863bef067b834addd266ef3a9611bd8862c0935f873658 f33ec26b0d0739860273cb1e476df2fbdf5c8d3e2ad9169591ae5a3ac703e63fa218bb54a5ed0a2339672f5d588fe50e
EXPORTER_SECRET 19f88011034ac2a325863bef067b834addd266ef3a9611bd8862c0935f873658 910842c1854353e4d3fb1ef21eed5edac7af02dcc4664899e2efef85bd1949d7387ef8d602e8b744b80d713318e89f69
SERVER_TRAFFIC_SECRET_0 19f88011034ac2a325863bef067b834addd266ef3a9611bd8862c0935f873658 24d9052609706efaef002aa26c5a3b2c45cebdd6b247f40bdd761ab5ec36e75eb6cd39cc2e4225950ec392d2bfbcd338
CLIENT_HANDSHAKE_TRAFFIC_SECRET 19f88011034ac2a325863bef067b834addd266ef3a9611bd8862c0935f873658 449d7ffcb80f528cc3fd156bac8f7bdb5a816386840ec0ef88532fd762c732f14da57fef55ab2cda7648994209eca08b
CLIENT_TRAFFIC_SECRET_0 19f88011034ac2a325863bef067b834addd266ef3a9611bd8862c0935f873658 a7d81b08897afd5438375aeeabc7f2aa78c1c9321d2e93dba3d5922bcb662651dca1d66e5c1d668bce022c5f4e58b6f3
SERVER_HANDSHAKE_TRAFFIC_SECRET 1e707cd062f4b1c6ae5e5311ddf4a06ef29f34766f25fcee18bccab95e8b2741 71df43b774559873c55d975269869884fbcd879aac807da5d0c352647e379a34b36642fba57a249d9e6718d825d6673d
EXPORTER_SECRET 1e707cd062f4b1c6ae5e5311ddf4a06ef29f34766f25fcee18bccab95e8b2741 7600d34021469c0f40860a800792a5555782abafce2c783966f1d36fcaf5097f842250dea972ea971154a95b51b54f5a
SERVER_TRAFFIC_SECRET_0 1e707cd062f4b1c6ae5e5311ddf4a06ef29f34766f25fcee18bccab95e8b2741 775e53269bd442585655b0b4334c30e7dbc3322e18151fea7b859391cd63a9da6cff4349f44e021fca445a891d9754e2
CLIENT_HANDSHAKE_TRAFFIC_SECRET 1e707cd062f4b1c6ae5e5311ddf4a06ef29f34766f25fcee18bccab95e8b2741 191967bb029f7feddb86c8c6b13f748454985858d617d98703a027e3a95912afad9855b77f6766b65d8e5e7ef40c6e87
CLIENT_TRAFFIC_SECRET_0 1e707cd062f4b1c6ae5e5311ddf4a06ef29f34766f25fcee18bccab95e8b2741 e100eccdb301101ca5748db536646aba21adf3c2dc4ce24026e5a3f2e9be6f927d267ac04078d91ffad0751369e60434
SERVER_HANDSHAKE_TRAFFIC_SECRET ee6c1eb3c6014a45b3bb1cb59b7849cdea4e21d5a231d4fabf6e2a659c8a5d6e c8a0f12d7787a0dfae1066d997d8045af40b234d68013e7353509781ce2376deee40c9193204cd32fca3d3dabbce3fb9
EXPORTER_SECRET ee6c1eb3c6014a45b3bb1cb59b7849cdea4e21d5a231d4fabf6e2a659c8a5d6e 779972dd53451cd227cf7551e32831cc19f23b30fe99dbc11085c8aa0d67c8d156a3d59c465120740be4a7da69bb212c
SERVER_TRAFFIC_SECRET_0 ee6c1eb3c6014a45b3bb1cb59b7849cdea4e21d5a231d4fabf6e2a659c8a5d6e 86e6dbc21db1cbc56bc91abcfe4b3cd52683d2fe64276160e37827bb6ef5613b38a5e24531111f8c846705646ce3aaa7
CLIENT_HANDSHAKE_TRAFFIC_SECRET ee6c1eb3c6014a45b3bb1cb59b7849cdea4e21d5a231d4fabf6e2a659c8a5d6e b50173e9f0bd1b0a8154467c8c7b555c95da824f5c2575db9d235584a9db281728c3fdfcd3513dd8750dcbd50fac6e1f
CLIENT_TRAFFIC_SECRET_0 ee6c1eb3c6014a45b3bb1cb59b7849cdea4e21d5a231d4fabf6e2a659c8a5d6e 00abd39688d18288e3a02370e7c88e1de2df2275e7bfe0e978ad236e84a92bad012fc6f481d66c302f2a33bd02382a21
SERVER_HANDSHAKE_TRAFFIC_SECRET c66837b56e072dfbcf147887fc8a85bf2960eae87cc255fcb757005686b049a5 88a4badc445640a95e7e778e56a1925beb50fcede0a82e635c54571e9f79eaf0a2ebcd712ead0dc19e263a2edc7e0345
EXPORTER_SECRET c66837b56e072dfbcf147887fc8a85bf2960eae87cc255fcb757005686b049a5 f17fac1a44279ea07dda904aa006a22a5d7c24588dcc204fa3eb7403b82354d1c39a733b6e4f437281d2363c61e1d9bc
SERVER_TRAFFIC_SECRET_0 c66837b56e072dfbcf147887fc8a85bf2960eae87cc255fcb757005686b049a5 34a0442892266122a717e8fdccecad58c046d6f8485bcddec8eb612faf7d73a1f6a51b8022527f7b7b4d062914cf26cc
CLIENT_HANDSHAKE_TRAFFIC_SECRET c66837b56e072dfbcf147887fc8a85bf2960eae87cc255fcb757005686b049a5 dad67b1f72cffa0f82fbbaed54da35b9d11064e4bd56a0aa7a90e3ff4d1576506846d9d07242b3991ca64eba69c6985d
CLIENT_TRAFFIC_SECRET_0 c66837b56e072dfbcf147887fc8a85bf2960eae87cc255fcb757005686b049a5 fb7af6b29d4e39a1cdac00602c6bf3ae62385a8252308a8ee0ab60246601fc1c1277932fb6cca05af62f742fd7f8e575
SERVER_HANDSHAKE_TRAFFIC_SECRET 71793cd42c265e2708f653c2b236887968c040a47ddb6949ecc85e0b05d97016 8d8d18812918ec5482cded9573a63af2576a58ff7047d8649312a5063f2a0bb10bd3181020af9c9c88abf527576ba44b
EXPORTER_SECRET 71793cd42c265e2708f653c2b236887968c040a47ddb6949ecc85e0b05d97016 9c2351b5c6c02e0623aaf861bf152ae40dc0b8c9231d7d33571fba2ef2f413a02adb04c0dcee28affe42a9e1d84228e7
SERVER_TRAFFIC_SECRET_0 71793cd42c265e2708f653c2b236887968c040a47ddb6949ecc85e0b05d97016 3a3247907729b91924cb8669c0f1fa9316592fb20aee5fa62bc6f18061c7a487eb59f8ac6ffdf1c8c1691da1b83b68c2
CLIENT_HANDSHAKE_TRAFFIC_SECRET 71793cd42c265e2708f653c2b236887968c040a47ddb6949ecc85e0b05d97016 9497d57f606e3b6ecf7068cc020a2bdfa6e0492687f162c80b6923a890cac7196c65063cf1e29000604bc44fc3ec31b6
CLIENT_TRAFFIC_SECRET_0 71793cd42c265e2708f653c2b236887968c040a47ddb6949ecc85e0b05d97016 ea1b147808b09190a930ede36b2edf747f6aa51367f036ec809b6e5ccf9d015b21215412ebec5e0f8747e9075815f6b7
SERVER_HANDSHAKE_TRAFFIC_SECRET 1cb70e60f405c97dcd859c889bbcfd44833a956ce283cdeafa3d6adca541dba9 b77971fe9a3f947b0f5495892380ec57c1f21404e19c3ac47426751ba96aa927f237c3b10a3e774e579ae8006fb1400c
EXPORTER_SECRET 1cb70e60f405c97dcd859c889bbcfd44833a956ce283cdeafa3d6adca541dba9 9e85be5fd7d61c8899314c38a3859ee48e4bb33ad10be8019972b45f8dd9eb6c3702930821e1e66a8ba59c9f590ca51e
SERVER_TRAFFIC_SECRET_0 1cb70e60f405c97dcd859c889bbcfd44833a956ce283cdeafa3d6adca541dba9 e938d8693d0624597b42bbf6eb96c522f9fe324d20104f960e04e8d3d379adc75aea6070e7c64d6f7c881c8eb02deaf1
CLIENT_HANDSHAKE_TRAFFIC_SECRET 1cb70e60f405c97dcd859c889bbcfd44833a956ce283cdeafa3d6adca541dba9 fab7b48490b104a60b30919cdc60bc5204dcc4f4d1dcf3ace11cddb00a67d0e88bf6ee39554063a03f9fb5f5f9a0ffec
CLIENT_TRAFFIC_SECRET_0 1cb70e60f405c97dcd859c889bbcfd44833a956ce283cdeafa3d6adca541dba9 30fe6277bf2f86f456846555052cfded8a061f790067cb8b10583162ef96d59d01a16e6cb9a7d269ab1329c576940e93
SERVER_HANDSHAKE_TRAFFIC_SECRET 776a1968616bc3428ff0c312af461ff0565bba26781ab801eb1a11cc58092d0e 239511e99947ff76c7bf868008418f51705f31da5740435acf070703b792649f19a1e5ff8899d9e9eff597016864530b
EXPORTER_SECRET 776a1968616bc3428ff0c312af461ff0565bba26781ab801eb1a11cc58092d0e 45bbabbb4c12d3f070fd770a53663295224a8c8bab9206e895b592f71a1fb321206cc6f1f62b89105ab799d7c2f07d76
SERVER_TRAFFIC_SECRET_0 776a1968616bc3428ff0c312af461ff0565bba26781ab801eb1a11cc58092d0e ab146b8a663b23bc339c97433fb8f6e929f65d0e9bc3d43484ac64eb126c91a55eb41eac0527417057a9c616bf35af58
CLIENT_HANDSHAKE_TRAFFIC_SECRET 776a1968616bc3428ff0c312af461ff0565bba26781ab801eb1a11cc58092d0e 4ebd7c5a5364155c49919ba1864f9bce1d317c20b7cac91941193d2137bbcaca6a69a97a58170e1d8f2648bc6d46e4e4
CLIENT_TRAFFIC_SECRET_0 776a1968616bc3428ff0c312af461ff0565bba26781ab801eb1a11cc58092d0e d8c98fa865ceafd62affb3e2f270a922bf58e394c569651cdec0295856dc10afc9e189e884886339535b1e50a492f311
SERVER_HANDSHAKE_TRAFFIC_SECRET 5b6f03f6e3dd948953c553cf542713aa98b2ec06bdb0cd8a92c46c7d2059ef9b 116a2ce11ed6f10c154572324672c324637d24e79404c7003c71130107eddf2f5ba47d25047251a670d05477cdfcafc8
EXPORTER_SECRET 5b6f03f6e3dd948953c553cf542713aa98b2ec06bdb0cd8a92c46c7d2059ef9b 6dccef03671a0795043be869f3ddf68a6188f9e338513a795afa56ec5c378961856d46d4e68587ed0457069c5d443326
SERVER_TRAFFIC_SECRET_0 5b6f03f6e3dd948953c553cf542713aa98b2ec06bdb0cd8a92c46c7d2059ef9b 3bf9127d45e4365d0084e8ebfcf950aad402cbe217ddaf97d8289f91ece5f083b1b5d129ac3dd51178180b6cfc6449ee
CLIENT_HANDSHAKE_TRAFFIC_SECRET 5b6f03f6e3dd948953c553cf542713aa98b2ec06bdb0cd8a92c46c7d2059ef9b 1135ce5ed86d9744635a62e9c95792f49fe5c4ee89fe754638eeb063a464ec8c61ec60512e2ce136543f9816f62a8eaa
CLIENT_TRAFFIC_SECRET_0 5b6f03f6e3dd948953c553cf542713aa98b2ec06bdb0cd8a92c46c7d2059ef9b 2ec3ebf32bd83cbbbd26c08496d009f323517d5518ddd1bafc4d0dcdc0a67f44b7788e6c6a5047e9faa7f4e060d052d0
SERVER_HANDSHAKE_TRAFFIC_SECRET 96bb4f0d6c8b345ba4004a7f861b9ef9f44aeacec5a469f0a748e01334b6333f 9ab4980a266fc99c94cbaca317f371436b2428db8b9c400a77e159bedeadd0b524b0db9a48bac3eba9ac43279dbacd2c
EXPORTER_SECRET 96bb4f0d6c8b345ba4004a7f861b9ef9f44aeacec5a469f0a748e01334b6333f 560f28892059281023a5e47f31617775ab81161dde7cf3f27ba3e424d39c51794a63293c73643a21a7ec5e267862dd54
SERVER_TRAFFIC_SECRET_0 96bb4f0d6c8b345ba4004a7f861b9ef9f44aeacec5a469f0a748e01334b6333f dd72e22da20ea99ffd572c8c2e6fcfbd7531d932a812cb0163dac8b7741f042a29c310df1d7203b6f092692d071db32d
CLIENT_HANDSHAKE_TRAFFIC_SECRET 96bb4f0d6c8b345ba4004a7f861b9ef9f44aeacec5a469f0a748e01334b6333f 104ba4ee8a3ef5ddc487f2e5c514f328903705ed9346e4e184d3c2f121bf41ec3710583036fd97fd1820f877f4769679
CLIENT_TRAFFIC_SECRET_0 96bb4f0d6c8b345ba4004a7f861b9ef9f44aeacec5a469f0a748e01334b6333f 57ed377893fac094f38ab8cb6edc977a1b9e71dd5ba3c59d965bedd7e86ac1716cb1bd7eea4a166c218510bea1ef1b90
SERVER_HANDSHAKE_TRAFFIC_SECRET a699722bc9aa01ce08e670c57282902dc72ed88b32c403dc6d9fa1e2102a55f4 cb42e96af19d227b0de1da650754f307615d3a22147af9273ba6bcfd67238a245a44cb95971b029ad727fc3cbd303184
EXPORTER_SECRET a699722bc9aa01ce08e670c57282902dc72ed88b32c403dc6d9fa1e2102a55f4 845077fa91e7660b77f1a23981c028ed3bf1e25e1b7e21f90988a9ae583afe1457a265775554f4a7206d7179927425fc
SERVER_TRAFFIC_SECRET_0 a699722bc9aa01ce08e670c57282902dc72ed88b32c403dc6d9fa1e2102a55f4 66a70d42f846450ea5ca44115fb27f0289d02ef0be6bb093f57bdbdf025ab5fc5d382d929b1723fcfcb7055240d8b912
CLIENT_HANDSHAKE_TRAFFIC_SECRET a699722bc9aa01ce08e670c57282902dc72ed88b32c403dc6d9fa1e2102a55f4 a3076bc5709a3b96deb3bda7e7ebf6468380e2ef645a95115cc24c136d92b82d10a66bdfa8ae381c4e7dea05f3dde064
CLIENT_TRAFFIC_SECRET_0 a699722bc9aa01ce08e670c57282902dc72ed88b32c403dc6d9fa1e2102a55f4 a60730cbe58bddf4410c1579474de28a09adfbef536d46d2269256ee01884d2f5f98b264f13082f59ccd065376aac698
SERVER_HANDSHAKE_TRAFFIC_SECRET 7c7bb0278c5f5aa238c96ce6ebdefda49241e3144ce688866e3025edbe557015 fd2ae7ccd748ded9d30ab401086a67812d2fd0886891dde6e5e3bfc6482c51d1405f855283149db85c3c72d64662b724
EXPORTER_SECRET 7c7bb0278c5f5aa238c96ce6ebdefda49241e3144ce688866e3025edbe557015 5f5954c8ae96881f6cc56a8d3917b4b17406767186f4e3a4d4d594f01eedb5a9c7600c7f3313bd7f8063d06f94fa8b6c
SERVER_TRAFFIC_SECRET_0 7c7bb0278c5f5aa238c96ce6ebdefda49241e3144ce688866e3025edbe557015 e36d67c72ce315abce872be45a5f14a610ffc8ac5fa4113b73b7819f42244d0b976db05d57761e807b3ea2f17cca8d65
CLIENT_HANDSHAKE_TRAFFIC_SECRET 7c7bb0278c5f5aa238c96ce6ebdefda49241e3144ce688866e3025edbe557015 20028647d0b4065d5c543f21712994dd02220ee6a5ba0d24e7cb0baeec5b94f9e66e97b4d4d23fdea652dc51e6c33ebc
CLIENT_TRAFFIC_SECRET_0 7c7bb0278c5f5aa238c96ce6ebdefda49241e3144ce688866e3025edbe557015 322b98354bd8b0875c9a9a96c8d8557153a1a5a1dc60298ba8360e1ca88a8f9e29e6fb9b447ae13b3ef906090aaf3682
SERVER_HANDSHAKE_TRAFFIC_SECRET 25680f2ebfae4ade7009a097a55c20b81b3f153c1508b6286ade4e584f3de94e 6e829d192070a4fbbb947932586280b4e8fdda1e55d4bb944f4f5c085a8a1428ce3b14034707d63ef0bbad254cf166c4
EXPORTER_SECRET 25680f2ebfae4ade7009a097a55c20b81b3f153c1508b6286ade4e584f3de94e ccec8fa928fd75d169b3e1ff913883571a540c808ff2ee9c7eb0340a1b1f677a3c273d006294403c843e7627e530dbd7
SERVER_TRAFFIC_SECRET_0 25680f2ebfae4ade7009a097a55c20b81b3f153c1508b6286ade4e584f3de94e a4e302d0fda5cc0d778f2f425277183bf6931f5bebe9c2f0d86beca5a71b9916bd239d27d56ae382ebc4d248808b9747
CLIENT_HANDSHAKE_TRAFFIC_SECRET 25680f2ebfae4ade7009a097a55c20b81b3f153c1508b6286ade4e584f3de94e f7fad41af3cb52bccd5fd13905defb1fc029805710a0fecc5615d7f39b3e59ced183578f97eb401d5c591466b9eab806
CLIENT_TRAFFIC_SECRET_0 25680f2ebfae4ade7009a097a55c20b81b3f153c1508b6286ade4e584f3de94e 3d33ff60ec73ba89889746a558a015412628d1503be131c34c752de83d34f65a254323cdc8bf44124cf10770057d2adb
SERVER_HANDSHAKE_TRAFFIC_SECRET 041495771a4b9839a9fdc112c6c8f045c1f6acf1ce2621598b982369bcb16c87 b2687f4f1731426174d41212738e1da5692e62ed8d73c2a03ec19f14a9343374b817fca222b8d2cf968bb627c260eaf5
EXPORTER_SECRET 041495771a4b9839a9fdc112c6c8f045c1f6acf1ce2621598b982369bcb16c87 63b31246da8225313778c8bcc550f7bad74d70842a65347a724d014817c3665d200e9990f0a99db48f571c6d454ca2c7
SERVER_TRAFFIC_SECRET_0 041495771a4b9839a9fdc112c6c8f045c1f6acf1ce2621598b982369bcb16c87 188bf7f8212828c5d7a8485e173ff1755ec8a4db38d21d4e5bc74d2f68a584e9c27c6ac469972f197cda1f5a42a93a64
CLIENT_HANDSHAKE_TRAFFIC_SECRET 041495771a4b9839a9fdc112c6c8f045c1f6acf1ce2621598b982369bcb16c87 623ce47955cdda0838fb001e079a36f9353538e60c0b2b5e62a069abe05ffb1779e5511071ef4815d34c7e3392bb7158
CLIENT_TRAFFIC_SECRET_0 041495771a4b9839a9fdc112c6c8f045c1f6acf1ce2621598b982369bcb16c87 55b6664409a37852c850ceb587e3c0c0636127f2cd5b99519fe712cfca332e4c102bb1886dfa9b70b4c007c2160e327b
SERVER_HANDSHAKE_TRAFFIC_SECRET 828859a40b8a63b7b999f9bd32bf554ddfb8464d142aa407b94ec64564c7b7fa af1e09391d4c79f02dac468289b75262215bf813cd756c2de83a4dd6031c9080ae4b57b9f06796622da961133c52e7bd
EXPORTER_SECRET 828859a40b8a63b7b999f9bd32bf554ddfb8464d142aa407b94ec64564c7b7fa 37679ab28ddac3d8060694114b9ba46c0c9c196fa97ce3bc240db9473b4629122de34dfc960575fce9aeb08243a2a202
SERVER_TRAFFIC_SECRET_0 828859a40b8a63b7b999f9bd32bf554ddfb8464d142aa407b94ec64564c7b7fa 35e9118dfc4e2318f97dfcc8907aec43c707571def76207416677783572057d964fd1e94f39803f10b6d5ab736262a8b
CLIENT_HANDSHAKE_TRAFFIC_SECRET 828859a40b8a63b7b999f9bd32bf554ddfb8464d142aa407b94ec64564c7b7fa 0d68222a7559227b0f1a957b30277694eb85773100dbced5d450770201fe7427914dc69c6cce04932252906779e1469a
CLIENT_TRAFFIC_SECRET_0 828859a40b8a63b7b999f9bd32bf554ddfb8464d142aa407b94ec64564c7b7fa 02bcad4ef3b95904ecdd357ef4705b6c9e713e855ad15cce1e5e845833468d4b65b7b0a428848d77db47d57c434b0435
SERVER_HANDSHAKE_TRAFFIC_SECRET a613c5776ec6566e57f36f57cae21356b86c1bf7c0771b0e581b64fa9d21062f 2dc02229d8b9a8f0801d6ac858a254b58358779cd406bcb536cd5af89d30e439f8360fa50b0329b3cc1b87ee93481eb3
EXPORTER_SECRET a613c5776ec6566e57f36f57cae21356b86c1bf7c0771b0e581b64fa9d21062f 1b3f1464262bb2cd87cc9cf428d86bb721cafc52866ab46cd66c48127c1b73b74b95113a1fec7d87037d5afa4e78fef4
SERVER_TRAFFIC_SECRET_0 a613c5776ec6566e57f36f57cae21356b86c1bf7c0771b0e581b64fa9d21062f 28d644b98f3e9d741b45708b289a9808484399da339144c32a94b057641e0ea5629fe6a388fe1193016b65e112b7f89f
CLIENT_HANDSHAKE_TRAFFIC_SECRET a613c5776ec6566e57f36f57cae21356b86c1bf7c0771b0e581b64fa9d21062f d58d1b1df85491ac45b522c8e81c8bff90bcaf90f284b40ef1d7fc860547102736d5c203e13f8e8963030297dc75ff4d
CLIENT_TRAFFIC_SECRET_0 a613c5776ec6566e57f36f57cae21356b86c1bf7c0771b0e581b64fa9d21062f cd2c50a125162f7bd4290c779cec05c23f9a219601db7eaf5ac4260510daf0fa9d7a3de354107bf7c4058211899026a5
SERVER_HANDSHAKE_TRAFFIC_SECRET 74a41af804fbb9b9f71b94f73c86a70ac7d11d4a9c7e0dbbf6f497a5d4d8bffc c29f6dd5746f44678dbdb0545be4b323f20303ab9ade75997c71cb7962063b2d71448419b8e740b4ed5d13ffbd920afd
EXPORTER_SECRET 74a41af804fbb9b9f71b94f73c86a70ac7d11d4a9c7e0dbbf6f497a5d4d8bffc c0fbffbfc06eb1ea533ea50d698c987adb1f1cc974893963381be3125849df9b5918fe15b6cbf866e49dc4c8cd6802a9
SERVER_TRAFFIC_SECRET_0 74a41af804fbb9b9f71b94f73c86a70ac7d11d4a9c7e0dbbf6f497a5d4d8bffc ed3aa08acf1ea39e4afe932ab39131bec76a7173dd9f89a6ed1922abd004a79694fc48f4d7ef11ab04f9d83e7395be95
CLIENT_HANDSHAKE_TRAFFIC_SECRET 74a41af804fbb9b9f71b94f73c86a70ac7d11d4a9c7e0dbbf6f497a5d4d8bffc 3b2f070e37329eacf4ef999f48f6cdfecb1799edb92e8b3b8681c03818f59bff3a10bbdb2828a0129d2731f9889c679b
CLIENT_TRAFFIC_SECRET_0 74a41af804fbb9b9f71b94f73c86a70ac7d11d4a9c7e0dbbf6f497a5d4d8bffc fe2a260fc9cd3d4e315fe8d0f1dbdd5d4d21bf6a83ce895aadda8bdf771d8cb9934e9608598961bc525f53cf97963f59
SERVER_HANDSHAKE_TRAFFIC_SECRET 687c730933b77ea985275ac08a29f580fba6071887973f25e4fe2d13c90b2d28 663dd65af929ae57f9c46f69004e57822a635d562b2ef0a884d78b1ee805ba0ec3d1c51b83986ab79877611ea97dd273
EXPORTER_SECRET 687c730933b77ea985275ac08a29f580fba6071887973f25e4fe2d13c90b2d28 8aaca93e5129d165711cb4a9edab12d2450eb9dea4198d5fd0331255ce30a2a4516cab2387d63900a4ff5c83c186fd6b
SERVER_TRAFFIC_SECRET_0 687c730933b77ea985275ac08a29f580fba6071887973f25e4fe2d13c90b2d28 b9104b6ad962fa1ffa0ec4976970cd7fb5184fd7a81a0d33e55b3078bd5806d971445381c1e0bc52c806572f0cefd279
CLIENT_HANDSHAKE_TRAFFIC_SECRET 687c730933b77ea985275ac08a29f580fba6071887973f25e4fe2d13c90b2d28 adcfedf0acb495d61895ffe98f8ddecf0c951b29b8c2f07a2fd6f93ae72a7ad01b7b296bc8630df68d549a7571ae7f6a
CLIENT_TRAFFIC_SECRET_0 687c730933b77ea985275ac08a29f580fba6071887973f25e4fe2d13c90b2d28 6f1d379de1ee9bb64b0fa376e41bbd364961083d89d9a661d827a2590c68f966a107fcdccbd6dfa416221aba1a1641b4
SERVER_HANDSHAKE_TRAFFIC_SECRET 5670eb0f7475248ac7ac229158529de04d1b3d40641fd8d5cdfe298bc9b9276e 3c8833e324879bbc225440238f6b5cad4b86238a4b62c1917cb4735233345fa815ff8019fdd807e5ffeaf733dad93e66
EXPORTER_SECRET 5670eb0f7475248ac7ac229158529de04d1b3d40641fd8d5cdfe298bc9b9276e 9ed7a410f627f1939ec6bd36753e09bc7f6749f29391acff90fbce48450d770a4d7fe0c2d1ac63465be498f236d01c2e
SERVER_TRAFFIC_SECRET_0 5670eb0f7475248ac7ac229158529de04d1b3d40641fd8d5cdfe298bc9b9276e 6544b7c91697e0502640f577a691c406e378a6f022070c93602657653a6ded0d495fb7a7bc309a3b0b1a8d4075f28d38
CLIENT_HANDSHAKE_TRAFFIC_SECRET 5670eb0f7475248ac7ac229158529de04d1b3d40641fd8d5cdfe298bc9b9276e e3c8ac086f9b74e6b273f127a68194eb0e45c3ca3acdb23881d5ecf0929ec2d41199fa9338e459f520f3d4e7cb1b6f09
CLIENT_TRAFFIC_SECRET_0 5670eb0f7475248ac7ac229158529de04d1b3d40641fd8d5cdfe298bc9b9276e ec694343b02eb3d10ba1b656b73aa89c9c262c3eb17056456ef5c5de9c9d0598e7b33a856d518f2ec57a76eeecf1525a
SERVER_HANDSHAKE_TRAFFIC_SECRET 0f69b21c74044487ad7cb7e04a2d2a45d2d409a6985b7976f0bc89309354a199 8eb04412819a3e94dadbab22cfa962b1112c30e5369fb1d4f347bb7896c29e7154278cb27ad2b09c099d1172d2f0b9c2
EXPORTER_SECRET 0f69b21c74044487ad7cb7e04a2d2a45d2d409a6985b7976f0bc89309354a199 5cfac6cfbd84dd68bdeaa869a4f143edff982f45c13aaa19233fe25c3fb5a9b0a00c513517bbffab95b62a4efea4240b
SERVER_TRAFFIC_SECRET_0 0f69b21c74044487ad7cb7e04a2d2a45d2d409a6985b7976f0bc89309354a199 99b84dcf5a5e96378fe17aa51b5e3ec9d9d36aea31a70ff7486ca74ae5d5488cdaca8cd9e0371e2dc629af2947cafdd7
CLIENT_HANDSHAKE_TRAFFIC_SECRET 0f69b21c74044487ad7cb7e04a2d2a45d2d409a6985b7976f0bc89309354a199 a371d2bb9e6d42857d8055faecb0224841df4ed21be70ef862f5d69e3aa9648178e8f4e212d3d6d5756963acdba207b6
CLIENT_TRAFFIC_SECRET_0 0f69b21c74044487ad7cb7e04a2d2a45d2d409a6985b7976f0bc89309354a199 4aa2498b6ce4c3cf435d820261c79881cdadb0519478ac423f9ff42d2f8a92598bd031a225992229c7c89c0d27c2afd6
SERVER_HANDSHAKE_TRAFFIC_SECRET fe23c9a9048bc1f92682b1bae230451674cd0e4437dde3f98988992896b6a8b2 0fa5b90b0da7a40ef63b100ccb526881d5fd70cc23ee25dec78b47672a25124e94e98d3f0201170d2fee2349ca865538
EXPORTER_SECRET fe23c9a9048bc1f92682b1bae230451674cd0e4437dde3f98988992896b6a8b2 8f098e43215acc09038e29793e4343f71c4b25acdfb3ca67853718253eb546d5306273dacb86a977dde1cfea13dc7040
SERVER_TRAFFIC_SECRET_0 fe23c9a9048bc1f92682b1bae230451674cd0e4437dde3f98988992896b6a8b2 5d45123b984e492bd809b37dc1bd84bc9880122be4d0ec4d28396a4b12c329837e4cc9e8a5babcb38d33c37671acd697
CLIENT_HANDSHAKE_TRAFFIC_SECRET fe23c9a9048bc1f92682b1bae230451674cd0e4437dde3f98988992896b6a8b2 282ff2a11599ee5e3cdc3f06236453b3ad271c88de8bf8359326cd8fa223fa50a6b7b5e0d2356fee12f97604dff5f165
CLIENT_TRAFFIC_SECRET_0 fe23c9a9048bc1f92682b1bae230451674cd0e4437dde3f98988992896b6a8b2 181cb453295636a7d8efb95149b413448662c50832e8a4d0451686f17e63e17420259284398c611393433a004b07b22e
SERVER_HANDSHAKE_TRAFFIC_SECRET 36073abe03bef993ba406b375d0dba744ec25080775021ef09c3e02722703d90 f0afdc9a52c9763aced839821d3d59825d6d460979597d583e449db33071365824ebcf19539e3c25f9b0ac55e7805803
EXPORTER_SECRET 36073abe03bef993ba406b375d0dba744ec25080775021ef09c3e02722703d90 5946b0f98e87e5a4e8ebc7d03846262d5f74b3c8909630792d2278b74c25c012fbd4473c71df6f9d2afaeb6b5ed982c1
SERVER_TRAFFIC_SECRET_0 36073abe03bef993ba406b375d0dba744ec25080775021ef09c3e02722703d90 12627600ac4eb8724e3fc998ed3ee1ae82d54b6fffa1838505b1aa43582fead2866012053573dec8ae3e2551766c7e45
CLIENT_HANDSHAKE_TRAFFIC_SECRET 36073abe03bef993ba406b375d0dba744ec25080775021ef09c3e02722703d90 8d9edf203c82d84dd301657409c0c042c2a114d07f715760ac8c4bc15c64c4a9832e75e898c43ee9f147f298eefa691f
CLIENT_TRAFFIC_SECRET_0 36073abe03bef993ba406b375d0dba744ec25080775021ef09c3e02722703d90 8eb9309407c57d0d0f9fb4c9f842b17c5ea7fba104674cbd8bbab977dfe1ab93163e2019519f7d74145b749be77d3d12
SERVER_HANDSHAKE_TRAFFIC_SECRET ee6b2685832742ea0a4cc014efa3c95a4f4b1df4b9ea37ae0a82addd9cf4edab 9f110406dd9130daea1bed25c93691b2d58f3c483d4276e671163a3524c30e7b9abd8bbcbe6baeb5b79ae0d2c829f70f
EXPORTER_SECRET ee6b2685832742ea0a4cc014efa3c95a4f4b1df4b9ea37ae0a82addd9cf4edab 78d1bad3cbfa78acb4cfa7f6ed1bc387b5b7dbc4ad4d8afb209c2d7c00767de1114337bb3edfb37c3b92d37cdd475b05
SERVER_TRAFFIC_SECRET_0 ee6b2685832742ea0a4cc014efa3c95a4f4b1df4b9ea37ae0a82addd9cf4edab a1a11811a77da948d4c4595eb98d2363b6191ff2fa5b0c329e553c02db5800309bdbe9a4d1b1b06104221126f348b23a
CLIENT_HANDSHAKE_TRAFFIC_SECRET ee6b2685832742ea0a4cc014efa3c95a4f4b1df4b9ea37ae0a82addd9cf4edab da2b115da8d9c419a58cd5e689be5577a1465c5f63180fd491054ad601ac62738ff83f31ffc7d0400d2f0a20cdfb8679
CLIENT_TRAFFIC_SECRET_0 ee6b2685832742ea0a4cc014efa3c95a4f4b1df4b9ea37ae0a82addd9cf4edab 62d2c32f1c80af8fcb6eb2cc2847a3765ebbc4575058264aae824e42845bdaab6bd249b058c71d11dcd23daa849b8cfd
SERVER_HANDSHAKE_TRAFFIC_SECRET 7da8448c4666d3251804634df461e2c3769953bc5b0789ae6a6776f981e6b556 f170357f2f3af297eafe36588ff0649aca778103471542fe034db451255ee2d34b6c360f72e47fd88ac873bb896d405a
EXPORTER_SECRET 7da8448c4666d3251804634df461e2c3769953bc5b0789ae6a6776f981e6b556 ab9058c740f55c5890fad51346f4485a560fadb066f15aed3cb84da8a2d9c1504af80dd9983d68b921337ddbb9ac187b
SERVER_TRAFFIC_SECRET_0 7da8448c4666d3251804634df461e2c3769953bc5b0789ae6a6776f981e6b556 890b33da224c1b8bba6f2f41e493af42a44f96a21b3c044acf77b6e2d36f8417dabc8e73845fb79a8ec499127f75da5a
CLIENT_HANDSHAKE_TRAFFIC_SECRET 7da8448c4666d3251804634df461e2c3769953bc5b0789ae6a6776f981e6b556 c670266a3c12f55cabac872f1a08fcfb9943e39e9f3c2a892377e43c8aae243ae36844df9472d199d1e85f820014d5ed
CLIENT_TRAFFIC_SECRET_0 7da8448c4666d3251804634df461e2c3769953bc5b0789ae6a6776f981e6b556 23d32206155059c1cee2512983e7d0245b553a2a015234de5912d00443e40d7a40f6f50e05ad0cc44d1b0835cac595dd
SERVER_HANDSHAKE_TRAFFIC_SECRET ae4c4f2d5ad626a7b00878c200e2c33a59d8b8b14656a11ae2580dbd38e42df2 aa493f33e1953f406cb0049166e5941e545801012690c6017d7835f628f8767d422502e5477a5846e70b2290125a73f0
EXPORTER_SECRET ae4c4f2d5ad626a7b00878c200e2c33a59d8b8b14656a11ae2580dbd38e42df2 d3b65fc0146e42e7fd67e9aebc0ca0232d3f1ec4f2f3ac2a75d8046d977bc7e4611b2ee844a46c3a5d675e3a4e21eb97
SERVER_TRAFFIC_SECRET_0 ae4c4f2d5ad626a7b00878c200e2c33a59d8b8b14656a11ae2580dbd38e42df2 513c3ddd9f70900c9ba44c61577d3fda514386e9987be5075ff1af42c5c1dac1a58906e903279d3ed7d7723e44265206
CLIENT_HANDSHAKE_TRAFFIC_SECRET ae4c4f2d5ad626a7b00878c200e2c33a59d8b8b14656a11ae2580dbd38e42df2 f5cdf8a17c9e99bc1dc7bcd1a98597d671b692cc44636098d215a875e8e726bae741bef990f0a07d87ee16b23d8c3747
CLIENT_TRAFFIC_SECRET_0 ae4c4f2d5ad626a7b00878c200e2c33a59d8b8b14656a11ae2580dbd38e42df2 cc55bc0569452a3be6907703c44efcb3dd74dce4ecd53e423373afec73375da372973c67a4fdb74b5ec5fcc5234f3b41
SERVER_HANDSHAKE_TRAFFIC_SECRET ad363d1c3cd12650db0a4a0cf6dc2b3eed862fda942b543ff29bfa0b53c1878e 0ccf891eb56fbe2905e5f7013043cb19648c79068ecda02f51a12c20eb6a865873e95db5e6de2eadfe8c612e662d866e
EXPORTER_SECRET ad363d1c3cd12650db0a4a0cf6dc2b3eed862fda942b543ff29bfa0b53c1878e 79974617d5f4340b0deb95e254e25e2104e79b28652e5946d283a904a446b71b3e35b00bcaaf854c4a935e71f72dbbf6
SERVER_TRAFFIC_SECRET_0 ad363d1c3cd12650db0a4a0cf6dc2b3eed862fda942b543ff29bfa0b53c1878e 6b5116c3842b893f860dda20539e13e4c7c6cc9473b46e06336ef9ec8a728ed0cecf425a6b3fea71ab610df8efb287e0
CLIENT_HANDSHAKE_TRAFFIC_SECRET ad363d1c3cd12650db0a4a0cf6dc2b3eed862fda942b543ff29bfa0b53c1878e d62679484474a7b63570d14f4a05904612f96b5b451241ebd9dd1873b13a24698850bc2220d31c9ee5be87b19984d78b
CLIENT_TRAFFIC_SECRET_0 ad363d1c3cd12650db0a4a0cf6dc2b3eed862fda942b543ff29bfa0b53c1878e 9909f941232cdf8a99f537ebac33bbb40ebdd9c49328eec6efdf647ab7dcbbd3444ade45c97fa8697056ba6240bfeda3
SERVER_HANDSHAKE_TRAFFIC_SECRET b4be604f3643bdf7abe60c202aa0b1b9a79b20fe995092573c3b5a7a6c38d4fa 2ef85a91970dc841f4da3734454725ce90f501ad36a0f867887a712bc3f29de31e502af879a21e4c4ddf277277053779
EXPORTER_SECRET b4be604f3643bdf7abe60c202aa0b1b9a79b20fe995092573c3b5a7a6c38d4fa b108cbfbb728b5d42e7c6f5683f20d4cf3a7209809002214d77c0f2c37c7009b28ea95de44c512008383400ff27186b6
SERVER_TRAFFIC_SECRET_0 b4be604f3643bdf7abe60c202aa0b1b9a79b20fe995092573c3b5a7a6c38d4fa 0eb670e72d1c6ea2e0144be1bc49d27c80b701dd0eb78aac926d3a9bc192b42aa56d9bad808ce95c46d819a0ba0ed51f
CLIENT_HANDSHAKE_TRAFFIC_SECRET b4be604f3643bdf7abe60c202aa0b1b9a79b20fe995092573c3b5a7a6c38d4fa 9c16b6f818cb410ed3d35ad00ffdfe7512fb29cc39c6dfb36ae2d86295f4c664ce047d82626bad3b2aafe9eac4dc0573
CLIENT_TRAFFIC_SECRET_0 b4be604f3643bdf7abe60c202aa0b1b9a79b20fe995092573c3b5a7a6c38d4fa 517c1e02a694a6a89b2b4129ff8b1eb5426bd07f82f96d1124f54aa608b842172990bb2bc0f7221b0d4b29e3b01bf3a8
SERVER_HANDSHAKE_TRAFFIC_SECRET f025a4dcc2302e5ec4ee7917415483448cd0a0d941e90deb764d26476d2b2a49 2178cea2a07a218142f0a6162a832ce63fecd48134981b3bd8f0e7520794c9a74a64c7b6dbd402242205bf00f7bb150c
EXPORTER_SECRET f025a4dcc2302e5ec4ee7917415483448cd0a0d941e90deb764d26476d2b2a49 8792f46cfda88fd957d7163619e2091c475dcb53d29fae324fd7a9a9b88ffb18b9dbcd8ba1a49d85d47767a91ed735ff
SERVER_TRAFFIC_SECRET_0 f025a4dcc2302e5ec4ee7917415483448cd0a0d941e90deb764d26476d2b2a49 19e15a532217bdf6ff6a56044cd7066325dd466ea8d851f32326b6573baf1d0ce04e7ed52daee4d09ff88a201bf9e843
CLIENT_HANDSHAKE_TRAFFIC_SECRET f025a4dcc2302e5ec4ee7917415483448cd0a0d941e90deb764d26476d2b2a49 68d0acd562639d1c7d1b86a4b455477d2e6fa6fb045f7825c2c2aa5c41ab3a0fe70ee4cabb28314da5ff79cc68edd630
CLIENT_TRAFFIC_SECRET_0 f025a4dcc2302e5ec4ee7917415483448cd0a0d941e90deb764d26476d2b2a49 e2c3ebbbf8f8a807c941a4f3254546b9eca10b878ce768905f01c3b4005886ca6466852d1f895fc8643678ac193feb77
SERVER_HANDSHAKE_TRAFFIC_SECRET cf8eccdd55115df0ec4fabea4bced98e4cd8db7c52bfd17ce4e40595e5d0e2ba 0372dcb5acf3836f45c1cb0679648a132669ed63ee2ab5066e89b53ed2f58b0bfc5804dc60635f5844c9d7bcbcd4ce43
EXPORTER_SECRET cf8eccdd55115df0ec4fabea4bced98e4cd8db7c52bfd17ce4e40595e5d0e2ba d9cb47e54d289454dcbd950c8b53c2023d183ac4c9c3df4d7ff3d320ea4cf076db1ff402926cc8c2ef104b0e24c73b7a
SERVER_TRAFFIC_SECRET_0 cf8eccdd55115df0ec4fabea4bced98e4cd8db7c52bfd17ce4e40595e5d0e2ba 8cef5828351d35656fcf8bfb3475456f67d8577b53d138bc07aa9cbd21979981ed43fce5e1e006377e24bad63063511f
CLIENT_HANDSHAKE_TRAFFIC_SECRET cf8eccdd55115df0ec4fabea4bced98e4cd8db7c52bfd17ce4e40595e5d0e2ba 02105db2355f1d6b9d27f47074de3bdef76714833642faacdd44fad57306c48646758f14dd2a4f29d7db0bfd44f5da90
CLIENT_TRAFFIC_SECRET_0 cf8eccdd55115df0ec4fabea4bced98e4cd8db7c52bfd17ce4e40595e5d0e2ba 76e8a4a4e1900a89a99aaee0169c8e69bcf0c7df8410d0d8a87fdbf2c65e89c705dd36f38089d6776c5c409dc673bbda
SERVER_HANDSHAKE_TRAFFIC_SECRET 5066138b886107c1df5ab9a511685db2575938b1c99fa9279730ba424b74457f bd5d48e2b85bcdadb315518b6d4dff567415be885beca44ffb4d3598161c302f00f6afaf5793d29124ae3cc9f8be3d75
EXPORTER_SECRET 5066138b886107c1df5ab9a511685db2575938b1c99fa9279730ba424b74457f d1f12558b08d4126a18424ada6a583a2bc3e732729e7036383122addf6aea2a95ceaaa0b2fbe8f6631dd5eb878bda1b1
SERVER_TRAFFIC_SECRET_0 5066138b886107c1df5ab9a511685db2575938b1c99fa9279730ba424b74457f 889fd95ee33e662bfd7c7bed0762e3674ae434562c521204da6f0e51b376ce63828d4620cd5de3771a39f06042f8d769
CLIENT_HANDSHAKE_TRAFFIC_SECRET 5066138b886107c1df5ab9a511685db2575938b1c99fa9279730ba424b74457f c82aa5ab5c76bf596d0955c5104f9d72d7ca429563fb8df15da787708527ebeefc454599d6600976ded900526e3bf212
CLIENT_TRAFFIC_SECRET_0 5066138b886107c1df5ab9a511685db2575938b1c99fa9279730ba424b74457f fbaea01ef367ce3253d33f354919b938245f6c57323fe9cda40d477a504ba82581614b5b5585a2d1a5956800483981cd
SERVER_HANDSHAKE_TRAFFIC_SECRET 07ec655ed1052df38feb48b8dfb27e47592a876832d67f818a1694d088d2d682 a496760eeb5e3fe1ebb74e77983783a14dd0faf973c4a03421423b033a2f6a98bf7ec879688b4f4e01e24357e182cdee
EXPORTER_SECRET 07ec655ed1052df38feb48b8dfb27e47592a876832d67f818a1694d088d2d682 381f593600ed201b1835a386fc306f6372408c9e52145a05b8483497ba1b9597715c8dae0a94c55689da3af456c6cfa6
SERVER_TRAFFIC_SECRET_0 07ec655ed1052df38feb48b8dfb27e47592a876832d67f818a1694d088d2d682 9bd282313afff4dcb7aeac9e1b59f2c5b4655bd82351bd6a570a282a3001968a4e07c2d14cf58bc22a224fddd99e6b45
CLIENT_HANDSHAKE_TRAFFIC_SECRET 07ec655ed1052df38feb48b8dfb27e47592a876832d67f818a1694d088d2d682 3ea9d86fddd8db35e8c13c2c4eb325c1c8c92693b4a7ccc8d8ec3bb75a4c911f0f6aa425998bc3bb0ce39bb2f24b24f0
CLIENT_TRAFFIC_SECRET_0 07ec655ed1052df38feb48b8dfb27e47592a876832d67f818a1694d088d2d682 08a5a34410ca35414a4e5affd7ca2f6f9fbb64ad64031f6cc04e5237c3969bcafab3835a0b99bf4307ff6c402d0b56ca
SERVER_HANDSHAKE_TRAFFIC_SECRET 2f0d7d3968b50fb33baffb7b4edd1d13cbe62551162b4ea977c4ed7d8daa7163 8bddd11c4b67976fd6f1f9b5dba1774ebccaa5533690f75b08b2c138c6060f8a0c4224c9e7f21f867908a27363001c5e
EXPORTER_SECRET 2f0d7d3968b50fb33baffb7b4edd1d13cbe62551162b4ea977c4ed7d8daa7163 464241f19e5a7beb7c0c1829c464ce782c349ab83c202bcd85221b6af2d166e098f0c41bbbe83a560b221ddd2037539f
SERVER_TRAFFIC_SECRET_0 2f0d7d3968b50fb33baffb7b4edd1d13cbe62551162b4ea977c4ed7d8daa7163 3b0e67122d53adcd7106ad0c3421cd4decb4264fd940e6b095306d92ad75d7fbc3be55460cc4cd3f01f0c8cd5028747e
CLIENT_HANDSHAKE_TRAFFIC_SECRET 2f0d7d3968b50fb33baffb7b4edd1d13cbe62551162b4ea977c4ed7d8daa7163 35610c691e7dfa504a5281d574b9f8e9563a10defc1f0d6d8e86762ac0ee662e28c172bc22cc3c524e9d4550fbdaec7b
CLIENT_TRAFFIC_SECRET_0 2f0d7d3968b50fb33baffb7b4edd1d13cbe62551162b4ea977c4ed7d8daa7163 d42a8cec40ae9c30604ccf2f49f0263a47449119e702a17a4a1ff8246ff2c71baf27e5cbb5ae4a4ce5ca505b9a6cfc8d
SERVER_HANDSHAKE_TRAFFIC_SECRET ba1ccd2c4d4a53189e7b8a5be107feb2e9bd64ae6f9d60a127c5710deb7831b9 f8e6e120657f745dfd3a3ad00cc66f828c337806c85d48bffeb9c93db86bd543d1275b3df946751bc77795abffddcf77
EXPORTER_SECRET ba1ccd2c4d4a53189e7b8a5be107feb2e9bd64ae6f9d60a127c5710deb7831b9 5651d2db40cb7670ec26da05b7f4089c27724ee1338aeecbeed7af453bd2f027e41a5d87539b4f2736b157326c3890f9
SERVER_TRAFFIC_SECRET_0 ba1ccd2c4d4a53189e7b8a5be107feb2e9bd64ae6f9d60a127c5710deb7831b9 a4966720052562712d4ad00501657a01931e48ecff74649cead71f2c97975a40a473d3a32a37a9d0ed2bcd904a51de97
CLIENT_HANDSHAKE_TRAFFIC_SECRET ba1ccd2c4d4a53189e7b8a5be107feb2e9bd64ae6f9d60a127c5710deb7831b9 49030d52d90f25e088dcb5d28dfecfae26488d067cbbe1e720c367ec9bd47f579a6ad2dd3bd03a33bc4041e4878ef2ae
CLIENT_TRAFFIC_SECRET_0 ba1ccd2c4d4a53189e7b8a5be107feb2e9bd64ae6f9d60a127c5710deb7831b9 c29603e58288d71d7cde4bd74c8aac1d6b1918dc25b20c1f5d4da439cdc06d03bc20a66c19f07b4571d17325ab98249d
SERVER_HANDSHAKE_TRAFFIC_SECRET 190161d79d2c7f2eda1806a2fc6e8dd2cdf90f55599b3c2bb8febcff3298cc4c 4056881ebed26f033f16b4a3d53110a81a74c97ba7d67cd941ef09e62444908f42f57d25e69664b214312884b48a8ec8
EXPORTER_SECRET 190161d79d2c7f2eda1806a2fc6e8dd2cdf90f55599b3c2bb8febcff3298cc4c 6b8798c6bc3f4f99500af91f84131908942acd4207baa6f3fb2f3c739be201de250eef56fdde09c687947284b5726c36
SERVER_TRAFFIC_SECRET_0 190161d79d2c7f2eda1806a2fc6e8dd2cdf90f55599b3c2bb8febcff3298cc4c afcaf4120872959a8d49b7107ba0201ac30b652b5d7b9bf89503d094d05afd07a1aa0cce0fdaa665426e8383562fc45a
CLIENT_HANDSHAKE_TRAFFIC_SECRET 190161d79d2c7f2eda1806a2fc6e8dd2cdf90f55599b3c2bb8febcff3298cc4c 701ec098ebdb9523e2dd6892a518b1b4b2bded0f6185965d5245437bf733069bc59a289d596cc91c62d7d4b45a2367e5
CLIENT_TRAFFIC_SECRET_0 190161d79d2c7f2eda1806a2fc6e8dd2cdf90f55599b3c2bb8febcff3298cc4c f89340b8fd656fb553225d6979d5be4a4e35e0334feba20dd857d42c875637abc96c1869eb7fe189101fb75c51d6b47d
SERVER_HANDSHAKE_TRAFFIC_SECRET 31ef267bd1f320aaad9bded75aa586d3d5c0f45222ce6170ce6658fee592e6a9 9e9740c4e0545473dffd4f745fdf49babf20085c53fdb9f25395b1226882738bfe9dffe20867941bf2afb3894967d111
EXPORTER_SECRET 31ef267bd1f320aaad9bded75aa586d3d5c0f45222ce6170ce6658fee592e6a9 727f803cdf764be0577b1de5c5705e27a399ccc202dceca2832f02523aee6dfe5e0dc703b8a92d18368e729eb8afea32
SERVER_TRAFFIC_SECRET_0 31ef267bd1f320aaad9bded75aa586d3d5c0f45222ce6170ce6658fee592e6a9 dde1de560743aef3d0740786f6ea7e8cc92839443e95e00475034b27854294129ea04387cf8a9d38823fa90ef84e885e
CLIENT_HANDSHAKE_TRAFFIC_SECRET 31ef267bd1f320aaad9bded75aa586d3d5c0f45222ce6170ce6658fee592e6a9 794c44b4ff72eee2b11658582fda861b1a804048b9ab0fed2f9a2e6b18d012081b5e7e76c4a045625e381726a3d33f39
CLIENT_TRAFFIC_SECRET_0 31ef267bd1f320aaad9bded75aa586d3d5c0f45222ce6170ce6658fee592e6a9 5538ee58eda1a05d59eecd7fdf315b4f81cf30215c5f5fad19e6487059205592e86453703dfcccf885d37616d6ca002c
SERVER_HANDSHAKE_TRAFFIC_SECRET 2fce83a6aaa35e2ea3a33c828de136f8fdcd61391bfef0cbf5196ecd12e3c44c a237a06313297689c8e3315e131bf16f11cecca6bea9443bf2047748d129de85d2ab589a80d5b6ca2f5c5a1ec24feaa5
EXPORTER_SECRET 2fce83a6aaa35e2ea3a33c828de136f8fdcd61391bfef0cbf5196ecd12e3c44c ca4af5e6e5a8a952cc90224eb5bc1e5ca299ff6299ca941e6b6827575c9436eb04db462d5fb9a97adfa7eda2950eafb5
SERVER_TRAFFIC_SECRET_0 2fce83a6aaa35e2ea3a33c828de136f8fdcd61391bfef0cbf5196ecd12e3c44c 465a1a9cbd9c3e0fdba718737d7a1dd34b3eaf4f724627f29877f93cc5702f6e4ab10404c20b8ae207b4ccb159cc8721
CLIENT_HANDSHAKE_TRAFFIC_SECRET 2fce83a6aaa35e2ea3a33c828de136f8fdcd61391bfef0cbf5196ecd12e3c44c 3b7a4b6718d93afe11850fd6afe4c6cd10885edbb840c616be4d56f279e82f62d2b5687b25c60d8bf7eea4677733c771
CLIENT_TRAFFIC_SECRET_0 2fce83a6aaa35e2ea3a33c828de136f8fdcd61391bfef0cbf5196ecd12e3c44c 2337363507e51530d0ac61e0321b1ee18060b005b21bd525cb7319fcc5c9b1c71a115fc58fed8d85c73996248764894b
SERVER_HANDSHAKE_TRAFFIC_SECRET 7ecda38f83eb9acb2d7b08eb60c69f7b3ee803f0633c8aaca75f70492b9eefcb 6be953af0fa214ddfc5972bda400197188ce803c441b6d70c52b2ab99f71500663f3ba3e754bc1629af9e4e705e6a75a
EXPORTER_SECRET 7ecda38f83eb9acb2d7b08eb60c69f7b3ee803f0633c8aaca75f70492b9eefcb f6dafc27eb8010b12c231c5e940cdd48fb4c07f47a8b4bcf4b9d3f60cbd7c8c381be4e775836f3f8bb4bcdcf1163146c
SERVER_TRAFFIC_SECRET_0 7ecda38f83eb9acb2d7b08eb60c69f7b3ee803f0633c8aaca75f70492b9eefcb 7a8b64f20597bc39f5e7b08e6d1868ac2d3fdf1764272206b128eea499d07b63b5209f6e334b03f922b8508391cbb4f4
CLIENT_HANDSHAKE_TRAFFIC_SECRET 7ecda38f83eb9acb2d7b08eb60c69f7b3ee803f0633c8aaca75f70492b9eefcb 428debe3d0c3d5c082a17f191e3e78ab0ce956a1e301630e967d633ec924fe44afa37b91c8efb117e91892d0ccf88627
CLIENT_TRAFFIC_SECRET_0 7ecda38f83eb9acb2d7b08eb60c69f7b3ee803f0633c8aaca75f70492b9eefcb 502a3cd3b8dc2b16be4427f1682a9913d6e743adc99364be29fce53ac7d4ca80ea2ea63f548daf2cfbe8e9eb8b9f8302
SERVER_HANDSHAKE_TRAFFIC_SECRET f7bcd6fa8c78fbe32047f41be0c4af1093bb5793be5ea0625300fd3b673188ca 048e3081ee553be2f41622a02d07e605278ff511e93d30d4f1d491c86f654287e2fd3ae784e86eba9e33e532c2844f0a
EXPORTER_SECRET f7bcd6fa8c78fbe32047f41be0c4af1093bb5793be5ea0625300fd3b673188ca 2c4e3261959bcbf7428b7a4a65e157e1e49ac2009ccca1504f3979c94cbb427009360534d397fff95ff1a346a4d67c4e
SERVER_TRAFFIC_SECRET_0 f7bcd6fa8c78fbe32047f41be0c4af1093bb5793be5ea0625300fd3b673188ca 2fa5655393dae2f4a5669c6c257a8510a100d2d6af985e13a863b74ca10b14a48ca909d6768b4d334167ac268b57533b
CLIENT_HANDSHAKE_TRAFFIC_SECRET f7bcd6fa8c78fbe32047f41be0c4af1093bb5793be5ea0625300fd3b673188ca 62d57204d2b2869989aa42ce78cde68825d86597175a2f3b9bbc6a3bee004b4f4fcef34434099a3e61e82bc897813ba8
CLIENT_TRAFFIC_SECRET_0 f7bcd6fa8c78fbe32047f41be0c4af1093bb5793be5ea0625300fd3b673188ca a8a16f2b94eb42cee9498a2c3166cc674065548ac5def270d4fbcd1d36d07a9b6d69c7cb2427e9d42a74542012a5d343
SERVER_HANDSHAKE_TRAFFIC_SECRET b00871b2b0cd9877fb5bcce09c251e9eadc12695a05298cccc51d260da5f4e1c 242004caa3cf28babb8fb8b955adcf4964a4a2e3c7907af534b6bca87c22b15647ddd310adc59ff944b59cf36cd0d6ef
EXPORTER_SECRET b00871b2b0cd9877fb5bcce09c251e9eadc12695a05298cccc51d260da5f4e1c 97912a7046db861392242821bf9a1659756cffdfe9185291c0413581ea13d62eb421311b4f1db0d6f0eccefc487e7b3c
SERVER_TRAFFIC_SECRET_0 b00871b2b0cd9877fb5bcce09c251e9eadc12695a05298cccc51d260da5f4e1c 6ef32177086913ee4075915871781b331800566767e6699393bfb34c8c998c9b50b18e9466663df0e81029695870b231
CLIENT_HANDSHAKE_TRAFFIC_SECRET b00871b2b0cd9877fb5bcce09c251e9eadc12695a05298cccc51d260da5f4e1c c305eba70ae40324ef47f404264559cd0dd47d8e251f0862bb045246555b206a4911d2fff9e83fcffc1eff248c0be84d
CLIENT_TRAFFIC_SECRET_0 b00871b2b0cd9877fb5bcce09c251e9eadc12695a05298cccc51d260da5f4e1c ffb065303da07c787907a2ded0791d66cb614afec11ef7be722bcf0a09c6a3c0f3c9ddf7486052e608507c07ad026ba7
SERVER_HANDSHAKE_TRAFFIC_SECRET 72c4bcb915af7c5d28d55088026910ffa82770a9b393048ccb5238d37876fe7b ac542dc998a4f135765d08f4a5ab54867e13ed4efc0946b5003e5006c11c792c7fa492f26f42d215564796aef15d68fd
EXPORTER_SECRET 72c4bcb915af7c5d28d55088026910ffa82770a9b393048ccb5238d37876fe7b 43688b050835b1265afe46a43818573ae6b0e3d995d5bea77fde09a37d897acaf3cf1ec574711e44deb11b5526b2727b
SERVER_TRAFFIC_SECRET_0 72c4bcb915af7c5d28d55088026910ffa82770a9b393048ccb5238d37876fe7b 62d6e7cf88dc4f21b88752ab3d75112c3f313ced519ed4942aea278d99096ee29cd7de4e2476be6de1137b4d68bf77a7
CLIENT_HANDSHAKE_TRAFFIC_SECRET 72c4bcb915af7c5d28d55088026910ffa82770a9b393048ccb5238d37876fe7b 1a3faeaf71485febcd1da6ac747341d586ffcb35e8586ecf55294233bbc3ba9e1bae77a4c6014c00f6ef04efae85f009
CLIENT_TRAFFIC_SECRET_0 72c4bcb915af7c5d28d55088026910ffa82770a9b393048ccb5238d37876fe7b 69d8e81388948b5917aa1673cd00bab0a834f78c6a16ea02f602ac3a9ddec04c5d99ae3d3097b5c6075f79ec612bead3
SERVER_HANDSHAKE_TRAFFIC_SECRET 0cfaae8ea9e6fbd1d7b30b182af981f9f3e0ea7a6d15e6d6aa5d7dad2550bdfe d7383cbb8a8e6f5896209667f24147c59dad8f3d1a6d6264563974e0ce8fe0b0ca9377dbb35d19968fbe667bd848f7da
EXPORTER_SECRET 0cfaae8ea9e6fbd1d7b30b182af981f9f3e0ea7a6d15e6d6aa5d7dad2550bdfe fdd64bfac6c36f620350ab8a8d03b75f07461acc8b08ecc3ebccd40f71ac192b0434cfe35e8f78fd0ff5e53a72584f7b
SERVER_TRAFFIC_SECRET_0 0cfaae8ea9e6fbd1d7b30b182af981f9f3e0ea7a6d15e6d6aa5d7dad2550bdfe 69f4c17be416d11ca78b9dd4874856659bb331d58f1b335dfef44be5f7023e9871736b223f8c32126c7b1df5daa27e18
CLIENT_HANDSHAKE_TRAFFIC_SECRET 0cfaae8ea9e6fbd1d7b30b182af981f9f3e0ea7a6d15e6d6aa5d7dad2550bdfe 8036d4c1b015d7e60e2952720dd71c2a8fe81704c3cefaabe7722b4d848c957d8c8ebce2b141f6f84663665f8d1f0736
CLIENT_TRAFFIC_SECRET_0 0cfaae8ea9e6fbd1d7b30b182af981f9f3e0ea7a6d15e6d6aa5d7dad2550bdfe 1a2e5980f6b43b9eb6c47049e70fd3be1bdbc7abe91a463acc14f630274fb0ec112d9a7a4851a578f9f4f082ad5d282c
SERVER_HANDSHAKE_TRAFFIC_SECRET bfb5f75e6d8a1c3a8be14dbb508fb01715103e41a987aa397f10b0e88a871164 adeb958156b9a466100aee1ae86a8b857116b398a8dcb7ea39600def5de132f98897a71d8f0814702d1571afde0793b6
EXPORTER_SECRET bfb5f75e6d8a1c3a8be14dbb508fb01715103e41a987aa397f10b0e88a871164 b47094c67311b30d284db6b0195731ef05eea344f3d61a94c6112f59473681068ead4cad66519111e8fa2780cc0568fa
SERVER_TRAFFIC_SECRET_0 bfb5f75e6d8a1c3a8be14dbb508fb01715103e41a987aa397f10b0e88a871164 ee1b53158ea1effe2abbf92ee5938720ba3c7d15db6046731643b68c9f727f099269910385d1940eb2f22145c21e333f
CLIENT_HANDSHAKE_TRAFFIC_SECRET bfb5f75e6d8a1c3a8be14dbb508fb01715103e41a987aa397f10b0e88a871164 125ea8cbe0d2f6e08649744de962822105d2f384508c1ecea993a119b4c25328c46987fe85d143c975ced57f2a7d3eb5
CLIENT_TRAFFIC_SECRET_0 bfb5f75e6d8a1c3a8be14dbb508fb01715103e41a987aa397f10b0e88a871164 23cc8cef63a02db59b33bb25c5ad0e91b4d14c0d39b9928ce6b032dc77fd839affa6a4ec4fce19043355ce8b60650213
SERVER_HANDSHAKE_TRAFFIC_SECRET 340715e3bf3b7d0822f82b6e2648acde488be4516c725af4e04cf91853ce1018 2bdbceede56544fc62ffab38e9b4ab74cd1b5d634e165e09a4cca834c5b4c7de35d5a8fddeed53c3dd8a125da1fcac08
EXPORTER_SECRET 340715e3bf3b7d0822f82b6e2648acde488be4516c725af4e04cf91853ce1018 cea7364db63a4000c9773d3659233695530c8a1d77a7f860eae8cad2563ea2f80f1b38f66d684d6e0a164ba4194db385
SERVER_TRAFFIC_SECRET_0 340715e3bf3b7d0822f82b6e2648acde488be4516c725af4e04cf91853ce1018 f4c808f008146c917e29bf0f8b1691117b2f4e53234d5fb781f02f0d26bbf5c7a953a8d74052f4f0aa3622782dd9d64e
CLIENT_HANDSHAKE_TRAFFIC_SECRET 340715e3bf3b7d0822f82b6e2648acde488be4516c725af4e04cf91853ce1018 47a2ca6ddebbefa28236553e8f9f7a28b248eb4600659d5c8cb3182b33f4c0eb11e0b5054c5d4e0395971d47b97f28fa
CLIENT_TRAFFIC_SECRET_0 340715e3bf3b7d0822f82b6e2648acde488be4516c725af4e04cf91853ce1018 82eea2991f18c8a440c01049ce2dc8567191b07b2ff49ff78755d337bb0b41f9e46ac9ada21c135e9a655838a4fae837
SERVER_HANDSHAKE_TRAFFIC_SECRET aa89ae6995426aa5bbcaef15e78409b11cc46f143e5b08cd46c93c4d53a34a29 bf191dea8415225d00eaee0e650817193bf20667d99cd52985337fd91d1088a7f4363551dd875d9d8ff743e4133d7ccb
EXPORTER_SECRET aa89ae6995426aa5bbcaef15e78409b11cc46f143e5b08cd46c93c4d53a34a29 3c49b68ad33877f1ac92c0914190a49a64c94a95bcba4aa63eb3f26b5eb0e4a161cdaf36ddc9804dd2ba77441e87dff7
SERVER_TRAFFIC_SECRET_0 aa89ae6995426aa5bbcaef15e78409b11cc46f143e5b08cd46c93c4d53a34a29 bb1b9845eff7321b8613b4de203edc7d080847d663d20d705ae10bd5a0aff17598da3dfb498ad0aa2ed25c13a8280204
CLIENT_HANDSHAKE_TRAFFIC_SECRET aa89ae6995426aa5bbcaef15e78409b11cc46f143e5b08cd46c93c4d53a34a29 62030c60eeb669c0365ed6a2d690ebfefcc7ad284cf351559e87236f15d41e595804cad0b49ff162494a18fb8bc355b3
CLIENT_TRAFFIC_SECRET_0 aa89ae6995426aa5bbcaef15e78409b11cc46f143e5b08cd46c93c4d53a34a29 84fb29faca0adad6d3a112b6dd398b37b2691f73033b125e4bb1aa652521be8a65ed7e5aa766e88ec1c03d21beb1f83f
SERVER_HANDSHAKE_TRAFFIC_SECRET 686fe3bedfd024ec4cccee1d183618da58c097de140dd7488236b608b887a8b4 5e3593ae7f234398d6c29752377ace70fe850dba8e220cd86e1cf563874ec43fb56a730f1151d366fe26dae326214e8d
EXPORTER_SECRET 686fe3bedfd024ec4cccee1d183618da58c097de140dd7488236b608b887a8b4 681abbfa6c6993a83a7613a9a721cf670a23cf044fa0976e1e2b3008553f6aa5c4e23e16dfe199059f13741eb6bf6d7c
SERVER_TRAFFIC_SECRET_0 686fe3bedfd024ec4cccee1d183618da58c097de140dd7488236b608b887a8b4 1b94664396d52628f14f0878972d67f412d36a793777b71ba98d9a36a2426a561b4640b848f4c133284a31d930e485a1
CLIENT_HANDSHAKE_TRAFFIC_SECRET 686fe3bedfd024ec4cccee1d183618da58c097de140dd7488236b608b887a8b4 d009cc09e90fda7d97ec1d251b22cee73c51539d519b5f15d6f62c83096f31ce6cec869adeb1a002a4ce3b2b07d6dad6
CLIENT_TRAFFIC_SECRET_0 686fe3bedfd024ec4cccee1d183618da58c097de140dd7488236b608b887a8b4 62d06fef7a987a5f5187013aff43e07faa6bff125dc241368b919a2b29c26867462f9292681c8b4c4a4a1acc7e1b0497
SERVER_HANDSHAKE_TRAFFIC_SECRET 0b69e0772978bde5446ac1c2434d9fa2cf64696a1dd168a3ac3d248db1ea2c27 02e5815790eb79ecf08c0562c951081a6ddbc43e6f2e44af08286ebdedeb9d951f9fea3922c2a95c772e5031001f3367
EXPORTER_SECRET 0b69e0772978bde5446ac1c2434d9fa2cf64696a1dd168a3ac3d248db1ea2c27 85ab3a755268795ed8c5765906fc7b9dc4cf1f1f4e50114d3d9214f4a6d6d46f97a09e5028d466618995de7912230f1e
SERVER_TRAFFIC_SECRET_0 0b69e0772978bde5446ac1c2434d9fa2cf64696a1dd168a3ac3d248db1ea2c27 edb3f27a2dcac1008523df9ac15d195e2496c2446899b10614775020832135a050280c3f963fb65c04b51110f1639554
CLIENT_HANDSHAKE_TRAFFIC_SECRET 0b69e0772978bde5446ac1c2434d9fa2cf64696a1dd168a3ac3d248db1ea2c27 243500aa6d727641c05666d3404f5ef2b7cf1e9ae67ed977a657d42e2d9e9996b1bc91c40790881047819abcb17524be
CLIENT_TRAFFIC_SECRET_0 0b69e0772978bde5446ac1c2434d9fa2cf64696a1dd168a3ac3d248db1ea2c27 cac32a5cd0d6023e1ec9153660bfb10e47063ee76a05c3c2ba2216b751f0475722811b2f0ab7cf399b097372c32e4b13
SERVER_HANDSHAKE_TRAFFIC_SECRET 56671edbec6f0bb67c15e0190352c6b2281c23332a29cfa12d09f23479c1cf78 a027c95fd7bbce1f3f8b633b3748a250306ecf3e615e5e8094a69d2ccefbde49814ea9101353e1e785f8992387682267
EXPORTER_SECRET 56671edbec6f0bb67c15e0190352c6b2281c23332a29cfa12d09f23479c1cf78 f7874050b00f2fb4a1203f95239e81ec7fccc5032b0dc00eb2ee93daaf559f4a48d9b9d4602ac88d16a45dc207561e49
SERVER_TRAFFIC_SECRET_0 56671edbec6f0bb67c15e0190352c6b2281c23332a29cfa12d09f23479c1cf78 a0681c1967bc96fbb4acec9f1779dbd8bfcb409cd39a55f037697accb5f8901084ba972600d84d84ce4449e521ab0e37
CLIENT_HANDSHAKE_TRAFFIC_SECRET 56671edbec6f0bb67c15e0190352c6b2281c23332a29cfa12d09f23479c1cf78 94ec8a0fb757a05f7809c6aeaa0075632c812016701139fcbee7185305b84b4bc2ce042cf5e0828469d785f54750e7aa
CLIENT_TRAFFIC_SECRET_0 56671edbec6f0bb67c15e0190352c6b2281c23332a29cfa12d09f23479c1cf78 a41df48a720525a3e5296e9e301bc63b693e82938080ad420ec9cb3deec6595158fa879b956f3492f0167225888d224d
SERVER_HANDSHAKE_TRAFFIC_SECRET f194089944b739a8c362a395fd442aaed68618fe0fcd8e776fbc982903a2e582 b4e13bf2682c434108c0d1f4c0a14dd78f80f75574fbf3c4fa4ff8127fda420298aba72278e7609333040a250f6521ae
EXPORTER_SECRET f194089944b739a8c362a395fd442aaed68618fe0fcd8e776fbc982903a2e582 82c080c5630a814e530f3d6b416670d52185fb69cdf038cbf427a5dbd13b9c6cef20c06758d245754497a06d7238f927
SERVER_TRAFFIC_SECRET_0 f194089944b739a8c362a395fd442aaed68618fe0fcd8e776fbc982903a2e582 78760a9917885980d0358e5b7d766523d46872a86aeba38388a004c677258351e61fe0200e69f5c4fa8bc13f72316c9c
CLIENT_HANDSHAKE_TRAFFIC_SECRET f194089944b739a8c362a395fd442aaed68618fe0fcd8e776fbc982903a2e582 15db44bb1eacf9007afdf1066f9cc8b950417c12c6e9b0a0341bf61af097afdcdcf09c4e5a310e204ce0cea6ad021b42
CLIENT_TRAFFIC_SECRET_0 f194089944b739a8c362a395fd442aaed68618fe0fcd8e776fbc982903a2e582 6e18783a6446f99c81efab696ba7c058a918a5d7cf77feaa1c0909e4cdfd07276c8d8710578fcaf5533474196ecac63b
SERVER_HANDSHAKE_TRAFFIC_SECRET 255d2ae795ac4a12b803ac973563bd67557198dd6e3d58f430db3e51ac7830f5 a7597c0d6b4291474a165e49cca4416de59f2c970c1b94e879a68803b29a6fb81b701832d4af3c741b12bd646470a349
EXPORTER_SECRET 255d2ae795ac4a12b803ac973563bd67557198dd6e3d58f430db3e51ac7830f5 bcb893c840c2ed0cbdb1e7f5f2872c57364c66f7077279e03ac0a08c63bf313fbc1fd965191b42eeb7d44663bcddfb57
SERVER_TRAFFIC_SECRET_0 255d2ae795ac4a12b803ac973563bd67557198dd6e3d58f430db3e51ac7830f5 e1f607eab44900448261edfcbaeb573cf5c396da97e8cd6ceadefeb804bc0488fe75d00f7bffca2c6364a25057d6b0ef
CLIENT_HANDSHAKE_TRAFFIC_SECRET 255d2ae795ac4a12b803ac973563bd67557198dd6e3d58f430db3e51ac7830f5 bc6b2d60771bbfaccaf21b26254b9081dcddd2738931bc9d245ab39e14fb2060fc1363a3fc7bd41be7128f2fa7d6edac
CLIENT_TRAFFIC_SECRET_0 255d2ae795ac4a12b803ac973563bd67557198dd6e3d58f430db3e51ac7830f5 1c72693406347673e00e9b87c513f7b1b1ed9ebdac7535450e95445ae0a12584e96d5575f0dbf8681567738ef88ca568
SERVER_HANDSHAKE_TRAFFIC_SECRET dc1d7db80866e6c977253c58c4140973da00594bbc86ac6adb1c2af5d9c36c28 7c53df604b2768346b51ef9c4c160a07e0684118372d4ae2ff798027e25058394107875094ae8d70fc6f0d02f254bd1d
EXPORTER_SECRET dc1d7db80866e6c977253c58c4140973da00594bbc86ac6adb1c2af5d9c36c28 92bb5a2d8320cf2e4652dea3645dd1d7e17435941cfe94cdc6d6f049c2c0469a08faac9caf9fcb47e4880b48e4a98951
SERVER_TRAFFIC_SECRET_0 dc1d7db80866e6c977253c58c4140973da00594bbc86ac6adb1c2af5d9c36c28 3c3b8799b1b06d8c95e861b13a7f65c230dcf6c9d0f04a57bab0a0ce4307d9e5d0ba196581db87229939eeb06bf817ca
CLIENT_HANDSHAKE_TRAFFIC_SECRET dc1d7db80866e6c977253c58c4140973da00594bbc86ac6adb1c2af5d9c36c28 bcffe7d6893d5d74c21a35963ffa6269bf76514fa290e0551e59dc6812426497493215b86a28dbad03351be85ec503bc
CLIENT_TRAFFIC_SECRET_0 dc1d7db80866e6c977253c58c4140973da00594bbc86ac6adb1c2af5d9c36c28 868504ceb5d024bef1711f596871fa5102973577d3333f1c3a74476ce7f6231ef783f47160e518735dfe878116466b9e
SERVER_HANDSHAKE_TRAFFIC_SECRET af3e9d72a08104a2f1c7734a44180ad6f7374c04bee3ebb1403e010e38d103a5 8bacd9dc0f3963a2a95e66de9ef12b02aac761ac305f71ff10e9b190d88ac39d5a5b81e922544beadefbeba7243a2ff6
EXPORTER_SECRET af3e9d72a08104a2f1c7734a44180ad6f7374c04bee3ebb1403e010e38d103a5 7314e5e9a07224a34f65507e5f5a237fde0508e6b6c622719f6c8a0903baec2ec87820ff422430b1e8ce52a67949f36e
SERVER_TRAFFIC_SECRET_0 af3e9d72a08104a2f1c7734a44180ad6f7374c04bee3ebb1403e010e38d103a5 7b316f0a6ebcbc0a0e1224ca7a836400655c42b4c951f9839ff9229d3537f7f81906a2417c2556b0b750059afba96797
CLIENT_HANDSHAKE_TRAFFIC_SECRET af3e9d72a08104a2f1c7734a44180ad6f7374c04bee3ebb1403e010e38d103a5 317ff71c1c9edbae7033220611e31fdfbb0a0e6b9260ccb1d68d0deaba47b152d59047858bbd6aeedf0e706f6558b349
CLIENT_TRAFFIC_SECRET_0 af3e9d72a08104a2f1c7734a44180ad6f7374c04bee3ebb1403e010e38d103a5 63e11870b1ff8a69014f8f52adc6d3c3b875b14cc537f0f45044adc48f9bd51b1be792169d4a8c828d819fc3bce62a45
SERVER_HANDSHAKE_TRAFFIC_SECRET 0eb8bf484bbd8a11a72f1d9fde125ce4f68f24b413d9f18461cadb9fbab8e921 666c3a7f4d847e46c07477778f181aad66189af5b3f2dbe4041b1822112b1eff70101b59f89375b5fb2fdf375155c3d5
EXPORTER_SECRET 0eb8bf484bbd8a11a72f1d9fde125ce4f68f24b413d9f18461cadb9fbab8e921 01f6b0f52113156efa46299a86b6cae521132ebb9d1d546555d8f5e0156a902848765bee5a05e95cb1440ce2e8c3442a
SERVER_TRAFFIC_SECRET_0 0eb8bf484bbd8a11a72f1d9fde125ce4f68f24b413d9f18461cadb9fbab8e921 cd56b7b5c5a9b5fb641577d2b128f73d60af175bd5f7325eceed1d2e3c79edbbb769cd64c52a8ce0aa57859210475bcb
CLIENT_HANDSHAKE_TRAFFIC_SECRET 0eb8bf484bbd8a11a72f1d9fde125ce4f68f24b413d9f18461cadb9fbab8e921 42511abd19c5930964e9e3fb80d6fb39243d8460f5d4d70ea0e1f47fc832633bc7b7dacdce18d6d29d31f82a062b5d83
CLIENT_TRAFFIC_SECRET_0 0eb8bf484bbd8a11a72f1d9fde125ce4f68f24b413d9f18461cadb9fbab8e921 641e1d2d15fc49af3e9a99ffdc2eda0beb600f1a60c215fffc55b4db863567570808e1494a808b3666f3b9dad59e3fef
SERVER_HANDSHAKE_TRAFFIC_SECRET 9614feb471a4944a5202ad939588e215455300860bdd1c093a1a6652c5e555e4 cfedaa73b468c0f9f1f0f54d8e7e3d4f3104bf476d3aabdebf8555f93f91c7f8a9837a0e36b5b2aec5313ff999497034
EXPORTER_SECRET 9614feb471a4944a5202ad939588e215455300860bdd1c093a1a6652c5e555e4 a73a08f34ae1d069ea9fcd4ab0474cf3be4dfbdb07fce25284ee280666eaf9c72f10eb6f3f61f8b6c63a8b438a64b80b
SERVER_TRAFFIC_SECRET_0 9614feb471a4944a5202ad939588e215455300860bdd1c093a1a6652c5e555e4 5b3344f1cf0792d41f762552a3c15e1c0e59dbb6bbe032f5d73964cb32e249cc8902353bf6d994551bcfaf5a8f1678d8
CLIENT_HANDSHAKE_TRAFFIC_SECRET 9614feb471a4944a5202ad939588e215455300860bdd1c093a1a6652c5e555e4 ebcb81117be3e1cf76fd34007241d29173389ee583fa283402bd102255693503f84ba56870ef1fa43230a2b62d378f57
CLIENT_TRAFFIC_SECRET_0 9614feb471a4944a5202ad939588e215455300860bdd1c093a1a6652c5e555e4 bb7c006d35cc5b852c23e4bf6f706f0a68447fde7f49f7aa724c8d6c8159bb0193ada2fa4d67c7146e1a7b0008e6f563
SERVER_HANDSHAKE_TRAFFIC_SECRET 0887af3f0e76e9a81fe3fdc9db6abb7fa26562ae8431a26f2094937d18531821 7d39c1a3c2a68b46a1396394023734951d897a88a17b0f2b3da6dc7b447a2757e43b9c03e21dbab7b1b0567d233633c1
EXPORTER_SECRET 0887af3f0e76e9a81fe3fdc9db6abb7fa26562ae8431a26f2094937d18531821 93239f4cf9b92032e9eac7582d887ccfc8cfbc89d16b203cc93a679dca023ac5bc0cecaba3909328d9f4c718466fb8d4
SERVER_TRAFFIC_SECRET_0 0887af3f0e76e9a81fe3fdc9db6abb7fa26562ae8431a26f2094937d18531821 fabc37b4ecb739ad8e0232bb03b8e6a91a3c8962edfe6dcfcac795c68ee3ac3ed8a8618a2091dc1d02e2461d87d71bbd
CLIENT_HANDSHAKE_TRAFFIC_SECRET 0887af3f0e76e9a81fe3fdc9db6abb7fa26562ae8431a26f2094937d18531821 9d4e07869cc887c8477bf42f829a021f03a98d00ba764eba20b4681d306bed92ac56ca3e43dc9718c0b666248127a4c6
CLIENT_TRAFFIC_SECRET_0 0887af3f0e76e9a81fe3fdc9db6abb7fa26562ae8431a26f2094937d18531821 02461e044f747acefc425bb139afce1cf99997d7bf1ca07fc8ceea1baff553a9c57606ee34c2fc921f2983dee280b8ce
SERVER_HANDSHAKE_TRAFFIC_SECRET 89c2a5aff46358db20e6a279bc746adc9899ab6d3463f684fc9cc1d63ca9e8c7 7e9ac3518a8453d0be8ddc2314393988ebf8489453201d49f5247506c3cdd07e12d82ba8d6a7a6bc72901fa66fffb83a
EXPORTER_SECRET 89c2a5aff46358db20e6a279bc746adc9899ab6d3463f684fc9cc1d63ca9e8c7 1b9e3405c7c93a39125d4fed4e3599ad22030e099c312473771174f731d244257c02dcc236bcf738c0e378eefc227805
SERVER_TRAFFIC_SECRET_0 89c2a5aff46358db20e6a279bc746adc9899ab6d3463f684fc9cc1d63ca9e8c7 99ad1c2574a4f0f28ae6b3f032fccbec76179413f8bf88b8073179d69a22a68d9e27e8f9a39be7357c951dd0235d05ac
CLIENT_HANDSHAKE_TRAFFIC_SECRET 89c2a5aff46358db20e6a279bc746adc9899ab6d3463f684fc9cc1d63ca9e8c7 eca16f87e4df68ca460d12e8eb1518ebae4e123c44faf21de36276ef570a09b413504afe38a779ec49945d9953f57454
CLIENT_TRAFFIC_SECRET_0 89c2a5aff46358db20e6a279bc746adc9899ab6d3463f684fc9cc1d63ca9e8c7 cf03e68aef79a4d0273dd9017cdeaac926e3c694e29608f0f0742d683d94df29cd3ac639c172c42854646f3a60035fe7
SERVER_HANDSHAKE_TRAFFIC_SECRET aada5afb8e49a9f9ab00a1be95ddf0c8d071a5322386fc40133c688abe5299c2 6d2d47dd2e511434f1ed5cc097800f21d7514aa2f8a63bdc96de34eca8b8da0420a00039d019db0da722ef83c91c0ddf
EXPORTER_SECRET aada5afb8e49a9f9ab00a1be95ddf0c8d071a5322386fc40133c688abe5299c2 8a2285e0b21deb7b732fc2c011a7d03cd24f4fac833610a13f33410598b6fd7d88443e4276683eaf498878450e2af0e7
SERVER_TRAFFIC_SECRET_0 aada5afb8e49a9f9ab00a1be95ddf0c8d071a5322386fc40133c688abe5299c2 5ab9e14415f80a6e82c6f18c81ea2a248ef663a5dd4e157bb50885160578186d1476ca25b1e163480537e3d0772ebd1d
CLIENT_HANDSHAKE_TRAFFIC_SECRET aada5afb8e49a9f9ab00a1be95ddf0c8d071a5322386fc40133c688abe5299c2 8c9d8f149c3e81e5d249e9074573ab6255eb155f0a60ece683711500fd0ab2f06f0fa79df7fffb06f69b27531a3c9a6e
CLIENT_TRAFFIC_SECRET_0 aada5afb8e49a9f9ab00a1be95ddf0c8d071a5322386fc40133c688abe5299c2 8c0934e795495b0214cb9a7aa0a362bff34f633fe1649631a6c6ddf82252f1855a7337f3a8af10145ea39eb2355f16ea
SERVER_HANDSHAKE_TRAFFIC_SECRET 25b61df97fc723a615f14d02ac35791e69724a60591bd780039acb9604ed843a 647d75ba8d1b3fbcd8f9a298566a9a2a70154e56c78e68ae1dec3e5882ff4d2c16ea833071a89144dd45c1e54869660a
EXPORTER_SECRET 25b61df97fc723a615f14d02ac35791e69724a60591bd780039acb9604ed843a 075cdc02f77828275a63e9c334cbff1c1aac00aaa8df3303588547aeb1938f558a35f9328aa2c96fe845d8be4c69a2ed
SERVER_TRAFFIC_SECRET_0 25b61df97fc723a615f14d02ac35791e69724a60591bd780039acb9604ed843a a88e1d5d5dbca9eabb34f65a16c7a3e0845bb45c858c9896635f93a7047ee3a4fefcbff547ecdbabb5ff363eefdbd544
CLIENT_HANDSHAKE_TRAFFIC_SECRET 25b61df97fc723a615f14d02ac35791e69724a60591bd780039acb9604ed843a 985f04cb7dc8791f8da2f93ae815132fd3fa580f5f70caaa523156fd852de3f99b7eb151cc67960c2d36707708313302
CLIENT_TRAFFIC_SECRET_0 25b61df97fc723a615f14d02ac35791e69724a60591bd780039acb9604ed843a a85d619cd8f4ad5278c778aefe131f807cc167530f9c6f7aa9b0ec00c0bb122d91c13caf80847ef2610fc5332bf89b30
